"sum","x","y"
100,0,100
200,0,200
300,0,300
400,0,400
500,0,500
600,0,600
700,0,700
800,0,800
900,0,900
1000,0,1000
1100,0,1100
1200,0,1200
1300,0,1300
1400,0,1400
1500,0,1500
1600,0,1600
1700,0,1700
1800,0,1800
1900,0,1900
2000,0,2000
2100,0,2100
2200,0,2200
2300,0,2300
2400,0,2400
2500,0,2500
2600,0,2600
2700,0,2700
2800,0,2800
2900,0,2900
3000,0,3000
3100,0,3100
3200,0,3200
3300,0,3300
3400,0,3400
3500,0,3500
3600,0,3600
3700,0,3700
3800,0,3800
3900,0,3900
4000,0,4000
4100,0,4100
4200,0,4200
4300,0,4300
4400,0,4400
4500,0,4500
4600,0,4600
4700,0,4700
4800,0,4800
4900,0,4900
5000,0,5000
5100,0,5100
5200,0,5200
5300,0,5300
5400,0,5400
5500,0,5500
5600,0,5600
5700,0,5700
5800,0,5800
5900,0,5900
6000,0,6000
6100,0,6100
6200,0,6200
6300,0,6300
6400,0,6400
6500,0,6500
6600,0,6600
6700,0,6700
6800,0,6800
6900,0,6900
7000,0,7000
100,1,99
200,2,198
300,3,297
400,4,396
500,5,495
600,6,594
700,7,693
800,8,792
900,9,891
1000,10,990
1100,11,1089
1200,12,1188
1300,13,1287
1400,14,1386
1500,15,1485
1600,16,1584
1700,17,1683
1800,18,1782
1900,19,1881
2000,20,1980
2100,21,2079
2200,22,2178
2300,23,2277
2400,24,2376
2500,25,2475
2600,26,2574
2700,27,2673
2800,28,2772
2900,29,2871
3000,30,2970
3100,31,3069
3200,32,3168
3300,33,3267
3400,34,3366
3500,35,3465
3600,36,3564
3700,37,3663
3800,38,3762
3900,39,3861
4000,40,3960
4100,41,4059
4200,42,4158
4300,43,4257
4400,44,4356
4500,45,4455
4600,46,4554
4700,47,4653
4800,48,4752
4900,49,4851
5000,50,4950
5100,51,5049
5200,52,5148
5300,53,5247
5400,54,5346
5500,55,5445
5600,56,5544
5700,57,5643
5800,58,5742
5900,59,5841
6000,60,5940
6100,61,6039
6200,62,6138
6300,63,6237
6400,64,6336
6500,65,6435
6600,66,6534
6700,67,6633
6800,68,6732
6900,69,6831
7000,70,6930
100,2,98
200,4,196
300,6,294
400,8,392
500,10,490
600,12,588
700,14,686
800,16,784
900,18,882
1000,20,980
1100,22,1078
1200,24,1176
1300,26,1274
1400,28,1372
1500,30,1470
1600,32,1568
1700,34,1666
1800,36,1764
1900,38,1862
2000,40,1960
2100,42,2058
2200,44,2156
2300,46,2254
2400,48,2352
2500,50,2450
2600,52,2548
2700,54,2646
2800,56,2744
2900,58,2842
3000,60,2940
3100,62,3038
3200,64,3136
3300,66,3234
3400,68,3332
3500,70,3430
3600,72,3528
3700,74,3626
3800,76,3724
3900,78,3822
4000,80,3920
4100,82,4018
4200,84,4116
4300,86,4214
4400,88,4312
4500,90,4410
4600,92,4508
4700,94,4606
4800,96,4704
4900,98,4802
5000,100,4900
5100,102,4998
5200,104,5096
5300,106,5194
5400,108,5292
5500,110,5390
5600,112,5488
5700,114,5586
5800,116,5684
5900,118,5782
6000,120,5880
6100,122,5978
6200,124,6076
6300,126,6174
6400,128,6272
6500,130,6370
6600,132,6468
6700,134,6566
6800,136,6664
6900,138,6762
7000,140,6860
100,3,97
200,6,194
300,9,291
400,12,388
500,15,485
600,18,582
700,21,679
800,24,776
900,27,873
1000,30,970
1100,33,1067
1200,36,1164
1300,39,1261
1400,42,1358
1500,45,1455
1600,48,1552
1700,51,1649
1800,54,1746
1900,57,1843
2000,60,1940
2100,63,2037
2200,66,2134
2300,69,2231
2400,72,2328
2500,75,2425
2600,78,2522
2700,81,2619
2800,84,2716
2900,87,2813
3000,90,2910
3100,93,3007
3200,96,3104
3300,99,3201
3400,102,3298
3500,105,3395
3600,108,3492
3700,111,3589
3800,114,3686
3900,117,3783
4000,120,3880
4100,123,3977
4200,126,4074
4300,129,4171
4400,132,4268
4500,135,4365
4600,138,4462
4700,141,4559
4800,144,4656
4900,147,4753
5000,150,4850
5100,153,4947
5200,156,5044
5300,159,5141
5400,162,5238
5500,165,5335
5600,168,5432
5700,171,5529
5800,174,5626
5900,177,5723
6000,180,5820
6100,183,5917
6200,186,6014
6300,189,6111
6400,192,6208
6500,195,6305
6600,198,6402
6700,201,6499
6800,204,6596
6900,207,6693
7000,210,6790
100,4,96
200,8,192
300,12,288
400,16,384
500,20,480
600,24,576
700,28,672
800,32,768
900,36,864
1000,40,960
1100,44,1056
1200,48,1152
1300,52,1248
1400,56,1344
1500,60,1440
1600,64,1536
1700,68,1632
1800,72,1728
1900,76,1824
2000,80,1920
2100,84,2016
2200,88,2112
2300,92,2208
2400,96,2304
2500,100,2400
2600,104,2496
2700,108,2592
2800,112,2688
2900,116,2784
3000,120,2880
3100,124,2976
3200,128,3072
3300,132,3168
3400,136,3264
3500,140,3360
3600,144,3456
3700,148,3552
3800,152,3648
3900,156,3744
4000,160,3840
4100,164,3936
4200,168,4032
4300,172,4128
4400,176,4224
4500,180,4320
4600,184,4416
4700,188,4512
4800,192,4608
4900,196,4704
5000,200,4800
5100,204,4896
5200,208,4992
5300,212,5088
5400,216,5184
5500,220,5280
5600,224,5376
5700,228,5472
5800,232,5568
5900,236,5664
6000,240,5760
6100,244,5856
6200,248,5952
6300,252,6048
6400,256,6144
6500,260,6240
6600,264,6336
6700,268,6432
6800,272,6528
6900,276,6624
7000,280,6720
100,5,95
200,10,190
300,15,285
400,20,380
500,25,475
600,30,570
700,35,665
800,40,760
900,45,855
1000,50,950
1100,55,1045
1200,60,1140
1300,65,1235
1400,70,1330
1500,75,1425
1600,80,1520
1700,85,1615
1800,90,1710
1900,95,1805
2000,100,1900
2100,105,1995
2200,110,2090
2300,115,2185
2400,120,2280
2500,125,2375
2600,130,2470
2700,135,2565
2800,140,2660
2900,145,2755
3000,150,2850
3100,155,2945
3200,160,3040
3300,165,3135
3400,170,3230
3500,175,3325
3600,180,3420
3700,185,3515
3800,190,3610
3900,195,3705
4000,200,3800
4100,205,3895
4200,210,3990
4300,215,4085
4400,220,4180
4500,225,4275
4600,230,4370
4700,235,4465
4800,240,4560
4900,245,4655
5000,250,4750
5100,255,4845
5200,260,4940
5300,265,5035
5400,270,5130
5500,275,5225
5600,280,5320
5700,285,5415
5800,290,5510
5900,295,5605
6000,300,5700
6100,305,5795
6200,310,5890
6300,315,5985
6400,320,6080
6500,325,6175
6600,330,6270
6700,335,6365
6800,340,6460
6900,345,6555
7000,350,6650
100,6,94
200,12,188
300,18,282
400,24,376
500,30,470
600,36,564
700,42,658
800,48,752
900,54,846
1000,60,940
1100,66,1034
1200,72,1128
1300,78,1222
1400,84,1316
1500,90,1410
1600,96,1504
1700,102,1598
1800,108,1692
1900,114,1786
2000,120,1880
2100,126,1974
2200,132,2068
2300,138,2162
2400,144,2256
2500,150,2350
2600,156,2444
2700,162,2538
2800,168,2632
2900,174,2726
3000,180,2820
3100,186,2914
3200,192,3008
3300,198,3102
3400,204,3196
3500,210,3290
3600,216,3384
3700,222,3478
3800,228,3572
3900,234,3666
4000,240,3760
4100,246,3854
4200,252,3948
4300,258,4042
4400,264,4136
4500,270,4230
4600,276,4324
4700,282,4418
4800,288,4512
4900,294,4606
5000,300,4700
5100,306,4794
5200,312,4888
5300,318,4982
5400,324,5076
5500,330,5170
5600,336,5264
5700,342,5358
5800,348,5452
5900,354,5546
6000,360,5640
6100,366,5734
6200,372,5828
6300,378,5922
6400,384,6016
6500,390,6110
6600,396,6204
6700,402,6298
6800,408,6392
6900,414,6486
7000,420,6580
100,7,93
200,14,186
300,21,279
400,28,372
500,35,465
600,42,558
700,49,651
800,56,744
900,63,837
1000,70,930
1100,77,1023
1200,84,1116
1300,91,1209
1400,98,1302
1500,105,1395
1600,112,1488
1700,119,1581
1800,126,1674
1900,133,1767
2000,140,1860
2100,147,1953
2200,154,2046
2300,161,2139
2400,168,2232
2500,175,2325
2600,182,2418
2700,189,2511
2800,196,2604
2900,203,2697
3000,210,2790
3100,217,2883
3200,224,2976
3300,231,3069
3400,238,3162
3500,245,3255
3600,252,3348
3700,259,3441
3800,266,3534
3900,273,3627
4000,280,3720
4100,287,3813
4200,294,3906
4300,301,3999
4400,308,4092
4500,315,4185
4600,322,4278
4700,329,4371
4800,336,4464
4900,343,4557
5000,350,4650
5100,357,4743
5200,364,4836
5300,371,4929
5400,378,5022
5500,385,5115
5600,392,5208
5700,399,5301
5800,406,5394
5900,413,5487
6000,420,5580
6100,427,5673
6200,434,5766
6300,441,5859
6400,448,5952
6500,455,6045
6600,462,6138
6700,469,6231
6800,476,6324
6900,483,6417
7000,490,6510
100,8,92
200,16,184
300,24,276
400,32,368
500,40,460
600,48,552
700,56,644
800,64,736
900,72,828
1000,80,920
1100,88,1012
1200,96,1104
1300,104,1196
1400,112,1288
1500,120,1380
1600,128,1472
1700,136,1564
1800,144,1656
1900,152,1748
2000,160,1840
2100,168,1932
2200,176,2024
2300,184,2116
2400,192,2208
2500,200,2300
2600,208,2392
2700,216,2484
2800,224,2576
2900,232,2668
3000,240,2760
3100,248,2852
3200,256,2944
3300,264,3036
3400,272,3128
3500,280,3220
3600,288,3312
3700,296,3404
3800,304,3496
3900,312,3588
4000,320,3680
4100,328,3772
4200,336,3864
4300,344,3956
4400,352,4048
4500,360,4140
4600,368,4232
4700,376,4324
4800,384,4416
4900,392,4508
5000,400,4600
5100,408,4692
5200,416,4784
5300,424,4876
5400,432,4968
5500,440,5060
5600,448,5152
5700,456,5244
5800,464,5336
5900,472,5428
6000,480,5520
6100,488,5612
6200,496,5704
6300,504,5796
6400,512,5888
6500,520,5980
6600,528,6072
6700,536,6164
6800,544,6256
6900,552,6348
7000,560,6440
100,9,91
200,18,182
300,27,273
400,36,364
500,45,455
600,54,546
700,63,637
800,72,728
900,81,819
1000,90,910
1100,99,1001
1200,108,1092
1300,117,1183
1400,126,1274
1500,135,1365
1600,144,1456
1700,153,1547
1800,162,1638
1900,171,1729
2000,180,1820
2100,189,1911
2200,198,2002
2300,207,2093
2400,216,2184
2500,225,2275
2600,234,2366
2700,243,2457
2800,252,2548
2900,261,2639
3000,270,2730
3100,279,2821
3200,288,2912
3300,297,3003
3400,306,3094
3500,315,3185
3600,324,3276
3700,333,3367
3800,342,3458
3900,351,3549
4000,360,3640
4100,369,3731
4200,378,3822
4300,387,3913
4400,396,4004
4500,405,4095
4600,414,4186
4700,423,4277
4800,432,4368
4900,441,4459
5000,450,4550
5100,459,4641
5200,468,4732
5300,477,4823
5400,486,4914
5500,495,5005
5600,504,5096
5700,513,5187
5800,522,5278
5900,531,5369
6000,540,5460
6100,549,5551
6200,558,5642
6300,567,5733
6400,576,5824
6500,585,5915
6600,594,6006
6700,603,6097
6800,612,6188
6900,621,6279
7000,630,6370
100,10,90
200,20,180
300,30,270
400,40,360
500,50,450
600,60,540
700,70,630
800,80,720
900,90,810
1000,100,900
1100,110,990
1200,120,1080
1300,130,1170
1400,140,1260
1500,150,1350
1600,160,1440
1700,170,1530
1800,180,1620
1900,190,1710
2000,200,1800
2100,210,1890
2200,220,1980
2300,230,2070
2400,240,2160
2500,250,2250
2600,260,2340
2700,270,2430
2800,280,2520
2900,290,2610
3000,300,2700
3100,310,2790
3200,320,2880
3300,330,2970
3400,340,3060
3500,350,3150
3600,360,3240
3700,370,3330
3800,380,3420
3900,390,3510
4000,400,3600
4100,410,3690
4200,420,3780
4300,430,3870
4400,440,3960
4500,450,4050
4600,460,4140
4700,470,4230
4800,480,4320
4900,490,4410
5000,500,4500
5100,510,4590
5200,520,4680
5300,530,4770
5400,540,4860
5500,550,4950
5600,560,5040
5700,570,5130
5800,580,5220
5900,590,5310
6000,600,5400
6100,610,5490
6200,620,5580
6300,630,5670
6400,640,5760
6500,650,5850
6600,660,5940
6700,670,6030
6800,680,6120
6900,690,6210
7000,700,6300
100,11,89
200,22,178
300,33,267
400,44,356
500,55,445
600,66,534
700,77,623
800,88,712
900,99,801
1000,110,890
1100,121,979
1200,132,1068
1300,143,1157
1400,154,1246
1500,165,1335
1600,176,1424
1700,187,1513
1800,198,1602
1900,209,1691
2000,220,1780
2100,231,1869
2200,242,1958
2300,253,2047
2400,264,2136
2500,275,2225
2600,286,2314
2700,297,2403
2800,308,2492
2900,319,2581
3000,330,2670
3100,341,2759
3200,352,2848
3300,363,2937
3400,374,3026
3500,385,3115
3600,396,3204
3700,407,3293
3800,418,3382
3900,429,3471
4000,440,3560
4100,451,3649
4200,462,3738
4300,473,3827
4400,484,3916
4500,495,4005
4600,506,4094
4700,517,4183
4800,528,4272
4900,539,4361
5000,550,4450
5100,561,4539
5200,572,4628
5300,583,4717
5400,594,4806
5500,605,4895
5600,616,4984
5700,627,5073
5800,638,5162
5900,649,5251
6000,660,5340
6100,671,5429
6200,682,5518
6300,693,5607
6400,704,5696
6500,715,5785
6600,726,5874
6700,737,5963
6800,748,6052
6900,759,6141
7000,770,6230
100,12,88
200,24,176
300,36,264
400,48,352
500,60,440
600,72,528
700,84,616
800,96,704
900,108,792
1000,120,880
1100,132,968
1200,144,1056
1300,156,1144
1400,168,1232
1500,180,1320
1600,192,1408
1700,204,1496
1800,216,1584
1900,228,1672
2000,240,1760
2100,252,1848
2200,264,1936
2300,276,2024
2400,288,2112
2500,300,2200
2600,312,2288
2700,324,2376
2800,336,2464
2900,348,2552
3000,360,2640
3100,372,2728
3200,384,2816
3300,396,2904
3400,408,2992
3500,420,3080
3600,432,3168
3700,444,3256
3800,456,3344
3900,468,3432
4000,480,3520
4100,492,3608
4200,504,3696
4300,516,3784
4400,528,3872
4500,540,3960
4600,552,4048
4700,564,4136
4800,576,4224
4900,588,4312
5000,600,4400
5100,612,4488
5200,624,4576
5300,636,4664
5400,648,4752
5500,660,4840
5600,672,4928
5700,684,5016
5800,696,5104
5900,708,5192
6000,720,5280
6100,732,5368
6200,744,5456
6300,756,5544
6400,768,5632
6500,780,5720
6600,792,5808
6700,804,5896
6800,816,5984
6900,828,6072
7000,840,6160
100,13,87
200,26,174
300,39,261
400,52,348
500,65,435
600,78,522
700,91,609
800,104,696
900,117,783
1000,130,870
1100,143,957
1200,156,1044
1300,169,1131
1400,182,1218
1500,195,1305
1600,208,1392
1700,221,1479
1800,234,1566
1900,247,1653
2000,260,1740
2100,273,1827
2200,286,1914
2300,299,2001
2400,312,2088
2500,325,2175
2600,338,2262
2700,351,2349
2800,364,2436
2900,377,2523
3000,390,2610
3100,403,2697
3200,416,2784
3300,429,2871
3400,442,2958
3500,455,3045
3600,468,3132
3700,481,3219
3800,494,3306
3900,507,3393
4000,520,3480
4100,533,3567
4200,546,3654
4300,559,3741
4400,572,3828
4500,585,3915
4600,598,4002
4700,611,4089
4800,624,4176
4900,637,4263
5000,650,4350
5100,663,4437
5200,676,4524
5300,689,4611
5400,702,4698
5500,715,4785
5600,728,4872
5700,741,4959
5800,754,5046
5900,767,5133
6000,780,5220
6100,793,5307
6200,806,5394
6300,819,5481
6400,832,5568
6500,845,5655
6600,858,5742
6700,871,5829
6800,884,5916
6900,897,6003
7000,910,6090
100,14,86
200,28,172
300,42,258
400,56,344
500,70,430
600,84,516
700,98,602
800,112,688
900,126,774
1000,140,860
1100,154,946
1200,168,1032
1300,182,1118
1400,196,1204
1500,210,1290
1600,224,1376
1700,238,1462
1800,252,1548
1900,266,1634
2000,280,1720
2100,294,1806
2200,308,1892
2300,322,1978
2400,336,2064
2500,350,2150
2600,364,2236
2700,378,2322
2800,392,2408
2900,406,2494
3000,420,2580
3100,434,2666
3200,448,2752
3300,462,2838
3400,476,2924
3500,490,3010
3600,504,3096
3700,518,3182
3800,532,3268
3900,546,3354
4000,560,3440
4100,574,3526
4200,588,3612
4300,602,3698
4400,616,3784
4500,630,3870
4600,644,3956
4700,658,4042
4800,672,4128
4900,686,4214
5000,700,4300
5100,714,4386
5200,728,4472
5300,742,4558
5400,756,4644
5500,770,4730
5600,784,4816
5700,798,4902
5800,812,4988
5900,826,5074
6000,840,5160
6100,854,5246
6200,868,5332
6300,882,5418
6400,896,5504
6500,910,5590
6600,924,5676
6700,938,5762
6800,952,5848
6900,966,5934
7000,980,6020
100,15,85
200,30,170
300,45,255
400,60,340
500,75,425
600,90,510
700,105,595
800,120,680
900,135,765
1000,150,850
1100,165,935
1200,180,1020
1300,195,1105
1400,210,1190
1500,225,1275
1600,240,1360
1700,255,1445
1800,270,1530
1900,285,1615
2000,300,1700
2100,315,1785
2200,330,1870
2300,345,1955
2400,360,2040
2500,375,2125
2600,390,2210
2700,405,2295
2800,420,2380
2900,435,2465
3000,450,2550
3100,465,2635
3200,480,2720
3300,495,2805
3400,510,2890
3500,525,2975
3600,540,3060
3700,555,3145
3800,570,3230
3900,585,3315
4000,600,3400
4100,615,3485
4200,630,3570
4300,645,3655
4400,660,3740
4500,675,3825
4600,690,3910
4700,705,3995
4800,720,4080
4900,735,4165
5000,750,4250
5100,765,4335
5200,780,4420
5300,795,4505
5400,810,4590
5500,825,4675
5600,840,4760
5700,855,4845
5800,870,4930
5900,885,5015
6000,900,5100
6100,915,5185
6200,930,5270
6300,945,5355
6400,960,5440
6500,975,5525
6600,990,5610
6700,1005,5695
6800,1020,5780
6900,1035,5865
7000,1050,5950
100,16,84
200,32,168
300,48,252
400,64,336
500,80,420
600,96,504
700,112,588
800,128,672
900,144,756
1000,160,840
1100,176,924
1200,192,1008
1300,208,1092
1400,224,1176
1500,240,1260
1600,256,1344
1700,272,1428
1800,288,1512
1900,304,1596
2000,320,1680
2100,336,1764
2200,352,1848
2300,368,1932
2400,384,2016
2500,400,2100
2600,416,2184
2700,432,2268
2800,448,2352
2900,464,2436
3000,480,2520
3100,496,2604
3200,512,2688
3300,528,2772
3400,544,2856
3500,560,2940
3600,576,3024
3700,592,3108
3800,608,3192
3900,624,3276
4000,640,3360
4100,656,3444
4200,672,3528
4300,688,3612
4400,704,3696
4500,720,3780
4600,736,3864
4700,752,3948
4800,768,4032
4900,784,4116
5000,800,4200
5100,816,4284
5200,832,4368
5300,848,4452
5400,864,4536
5500,880,4620
5600,896,4704
5700,912,4788
5800,928,4872
5900,944,4956
6000,960,5040
6100,976,5124
6200,992,5208
6300,1008,5292
6400,1024,5376
6500,1040,5460
6600,1056,5544
6700,1072,5628
6800,1088,5712
6900,1104,5796
7000,1120,5880
100,17,83
200,34,166
300,51,249
400,68,332
500,85,415
600,102,498
700,119,581
800,136,664
900,153,747
1000,170,830
1100,187,913
1200,204,996
1300,221,1079
1400,238,1162
1500,255,1245
1600,272,1328
1700,289,1411
1800,306,1494
1900,323,1577
2000,340,1660
2100,357,1743
2200,374,1826
2300,391,1909
2400,408,1992
2500,425,2075
2600,442,2158
2700,459,2241
2800,476,2324
2900,493,2407
3000,510,2490
3100,527,2573
3200,544,2656
3300,561,2739
3400,578,2822
3500,595,2905
3600,612,2988
3700,629,3071
3800,646,3154
3900,663,3237
4000,680,3320
4100,697,3403
4200,714,3486
4300,731,3569
4400,748,3652
4500,765,3735
4600,782,3818
4700,799,3901
4800,816,3984
4900,833,4067
5000,850,4150
5100,867,4233
5200,884,4316
5300,901,4399
5400,918,4482
5500,935,4565
5600,952,4648
5700,969,4731
5800,986,4814
5900,1003,4897
6000,1020,4980
6100,1037,5063
6200,1054,5146
6300,1071,5229
6400,1088,5312
6500,1105,5395
6600,1122,5478
6700,1139,5561
6800,1156,5644
6900,1173,5727
7000,1190,5810
100,18,82
200,36,164
300,54,246
400,72,328
500,90,410
600,108,492
700,126,574
800,144,656
900,162,738
1000,180,820
1100,198,902
1200,216,984
1300,234,1066
1400,252,1148
1500,270,1230
1600,288,1312
1700,306,1394
1800,324,1476
1900,342,1558
2000,360,1640
2100,378,1722
2200,396,1804
2300,414,1886
2400,432,1968
2500,450,2050
2600,468,2132
2700,486,2214
2800,504,2296
2900,522,2378
3000,540,2460
3100,558,2542
3200,576,2624
3300,594,2706
3400,612,2788
3500,630,2870
3600,648,2952
3700,666,3034
3800,684,3116
3900,702,3198
4000,720,3280
4100,738,3362
4200,756,3444
4300,774,3526
4400,792,3608
4500,810,3690
4600,828,3772
4700,846,3854
4800,864,3936
4900,882,4018
5000,900,4100
5100,918,4182
5200,936,4264
5300,954,4346
5400,972,4428
5500,990,4510
5600,1008,4592
5700,1026,4674
5800,1044,4756
5900,1062,4838
6000,1080,4920
6100,1098,5002
6200,1116,5084
6300,1134,5166
6400,1152,5248
6500,1170,5330
6600,1188,5412
6700,1206,5494
6800,1224,5576
6900,1242,5658
7000,1260,5740
100,19,81
200,38,162
300,57,243
400,76,324
500,95,405
600,114,486
700,133,567
800,152,648
900,171,729
1000,190,810
1100,209,891
1200,228,972
1300,247,1053
1400,266,1134
1500,285,1215
1600,304,1296
1700,323,1377
1800,342,1458
1900,361,1539
2000,380,1620
2100,399,1701
2200,418,1782
2300,437,1863
2400,456,1944
2500,475,2025
2600,494,2106
2700,513,2187
2800,532,2268
2900,551,2349
3000,570,2430
3100,589,2511
3200,608,2592
3300,627,2673
3400,646,2754
3500,665,2835
3600,684,2916
3700,703,2997
3800,722,3078
3900,741,3159
4000,760,3240
4100,779,3321
4200,798,3402
4300,817,3483
4400,836,3564
4500,855,3645
4600,874,3726
4700,893,3807
4800,912,3888
4900,931,3969
5000,950,4050
5100,969,4131
5200,988,4212
5300,1007,4293
5400,1026,4374
5500,1045,4455
5600,1064,4536
5700,1083,4617
5800,1102,4698
5900,1121,4779
6000,1140,4860
6100,1159,4941
6200,1178,5022
6300,1197,5103
6400,1216,5184
6500,1235,5265
6600,1254,5346
6700,1273,5427
6800,1292,5508
6900,1311,5589
7000,1330,5670
100,20,80
200,40,160
300,60,240
400,80,320
500,100,400
600,120,480
700,140,560
800,160,640
900,180,720
1000,200,800
1100,220,880
1200,240,960
1300,260,1040
1400,280,1120
1500,300,1200
1600,320,1280
1700,340,1360
1800,360,1440
1900,380,1520
2000,400,1600
2100,420,1680
2200,440,1760
2300,460,1840
2400,480,1920
2500,500,2000
2600,520,2080
2700,540,2160
2800,560,2240
2900,580,2320
3000,600,2400
3100,620,2480
3200,640,2560
3300,660,2640
3400,680,2720
3500,700,2800
3600,720,2880
3700,740,2960
3800,760,3040
3900,780,3120
4000,800,3200
4100,820,3280
4200,840,3360
4300,860,3440
4400,880,3520
4500,900,3600
4600,920,3680
4700,940,3760
4800,960,3840
4900,980,3920
5000,1000,4000
5100,1020,4080
5200,1040,4160
5300,1060,4240
5400,1080,4320
5500,1100,4400
5600,1120,4480
5700,1140,4560
5800,1160,4640
5900,1180,4720
6000,1200,4800
6100,1220,4880
6200,1240,4960
6300,1260,5040
6400,1280,5120
6500,1300,5200
6600,1320,5280
6700,1340,5360
6800,1360,5440
6900,1380,5520
7000,1400,5600
100,21,79
200,42,158
300,63,237
400,84,316
500,105,395
600,126,474
700,147,553
800,168,632
900,189,711
1000,210,790
1100,231,869
1200,252,948
1300,273,1027
1400,294,1106
1500,315,1185
1600,336,1264
1700,357,1343
1800,378,1422
1900,399,1501
2000,420,1580
2100,441,1659
2200,462,1738
2300,483,1817
2400,504,1896
2500,525,1975
2600,546,2054
2700,567,2133
2800,588,2212
2900,609,2291
3000,630,2370
3100,651,2449
3200,672,2528
3300,693,2607
3400,714,2686
3500,735,2765
3600,756,2844
3700,777,2923
3800,798,3002
3900,819,3081
4000,840,3160
4100,861,3239
4200,882,3318
4300,903,3397
4400,924,3476
4500,945,3555
4600,966,3634
4700,987,3713
4800,1008,3792
4900,1029,3871
5000,1050,3950
5100,1071,4029
5200,1092,4108
5300,1113,4187
5400,1134,4266
5500,1155,4345
5600,1176,4424
5700,1197,4503
5800,1218,4582
5900,1239,4661
6000,1260,4740
6100,1281,4819
6200,1302,4898
6300,1323,4977
6400,1344,5056
6500,1365,5135
6600,1386,5214
6700,1407,5293
6800,1428,5372
6900,1449,5451
7000,1470,5530
100,22,78
200,44,156
300,66,234
400,88,312
500,110,390
600,132,468
700,154,546
800,176,624
900,198,702
1000,220,780
1100,242,858
1200,264,936
1300,286,1014
1400,308,1092
1500,330,1170
1600,352,1248
1700,374,1326
1800,396,1404
1900,418,1482
2000,440,1560
2100,462,1638
2200,484,1716
2300,506,1794
2400,528,1872
2500,550,1950
2600,572,2028
2700,594,2106
2800,616,2184
2900,638,2262
3000,660,2340
3100,682,2418
3200,704,2496
3300,726,2574
3400,748,2652
3500,770,2730
3600,792,2808
3700,814,2886
3800,836,2964
3900,858,3042
4000,880,3120
4100,902,3198
4200,924,3276
4300,946,3354
4400,968,3432
4500,990,3510
4600,1012,3588
4700,1034,3666
4800,1056,3744
4900,1078,3822
5000,1100,3900
5100,1122,3978
5200,1144,4056
5300,1166,4134
5400,1188,4212
5500,1210,4290
5600,1232,4368
5700,1254,4446
5800,1276,4524
5900,1298,4602
6000,1320,4680
6100,1342,4758
6200,1364,4836
6300,1386,4914
6400,1408,4992
6500,1430,5070
6600,1452,5148
6700,1474,5226
6800,1496,5304
6900,1518,5382
7000,1540,5460
100,23,77
200,46,154
300,69,231
400,92,308
500,115,385
600,138,462
700,161,539
800,184,616
900,207,693
1000,230,770
1100,253,847
1200,276,924
1300,299,1001
1400,322,1078
1500,345,1155
1600,368,1232
1700,391,1309
1800,414,1386
1900,437,1463
2000,460,1540
2100,483,1617
2200,506,1694
2300,529,1771
2400,552,1848
2500,575,1925
2600,598,2002
2700,621,2079
2800,644,2156
2900,667,2233
3000,690,2310
3100,713,2387
3200,736,2464
3300,759,2541
3400,782,2618
3500,805,2695
3600,828,2772
3700,851,2849
3800,874,2926
3900,897,3003
4000,920,3080
4100,943,3157
4200,966,3234
4300,989,3311
4400,1012,3388
4500,1035,3465
4600,1058,3542
4700,1081,3619
4800,1104,3696
4900,1127,3773
5000,1150,3850
5100,1173,3927
5200,1196,4004
5300,1219,4081
5400,1242,4158
5500,1265,4235
5600,1288,4312
5700,1311,4389
5800,1334,4466
5900,1357,4543
6000,1380,4620
6100,1403,4697
6200,1426,4774
6300,1449,4851
6400,1472,4928
6500,1495,5005
6600,1518,5082
6700,1541,5159
6800,1564,5236
6900,1587,5313
7000,1610,5390
100,24,76
200,48,152
300,72,228
400,96,304
500,120,380
600,144,456
700,168,532
800,192,608
900,216,684
1000,240,760
1100,264,836
1200,288,912
1300,312,988
1400,336,1064
1500,360,1140
1600,384,1216
1700,408,1292
1800,432,1368
1900,456,1444
2000,480,1520
2100,504,1596
2200,528,1672
2300,552,1748
2400,576,1824
2500,600,1900
2600,624,1976
2700,648,2052
2800,672,2128
2900,696,2204
3000,720,2280
3100,744,2356
3200,768,2432
3300,792,2508
3400,816,2584
3500,840,2660
3600,864,2736
3700,888,2812
3800,912,2888
3900,936,2964
4000,960,3040
4100,984,3116
4200,1008,3192
4300,1032,3268
4400,1056,3344
4500,1080,3420
4600,1104,3496
4700,1128,3572
4800,1152,3648
4900,1176,3724
5000,1200,3800
5100,1224,3876
5200,1248,3952
5300,1272,4028
5400,1296,4104
5500,1320,4180
5600,1344,4256
5700,1368,4332
5800,1392,4408
5900,1416,4484
6000,1440,4560
6100,1464,4636
6200,1488,4712
6300,1512,4788
6400,1536,4864
6500,1560,4940
6600,1584,5016
6700,1608,5092
6800,1632,5168
6900,1656,5244
7000,1680,5320
100,25,75
200,50,150
300,75,225
400,100,300
500,125,375
600,150,450
700,175,525
800,200,600
900,225,675
1000,250,750
1100,275,825
1200,300,900
1300,325,975
1400,350,1050
1500,375,1125
1600,400,1200
1700,425,1275
1800,450,1350
1900,475,1425
2000,500,1500
2100,525,1575
2200,550,1650
2300,575,1725
2400,600,1800
2500,625,1875
2600,650,1950
2700,675,2025
2800,700,2100
2900,725,2175
3000,750,2250
3100,775,2325
3200,800,2400
3300,825,2475
3400,850,2550
3500,875,2625
3600,900,2700
3700,925,2775
3800,950,2850
3900,975,2925
4000,1000,3000
4100,1025,3075
4200,1050,3150
4300,1075,3225
4400,1100,3300
4500,1125,3375
4600,1150,3450
4700,1175,3525
4800,1200,3600
4900,1225,3675
5000,1250,3750
5100,1275,3825
5200,1300,3900
5300,1325,3975
5400,1350,4050
5500,1375,4125
5600,1400,4200
5700,1425,4275
5800,1450,4350
5900,1475,4425
6000,1500,4500
6100,1525,4575
6200,1550,4650
6300,1575,4725
6400,1600,4800
6500,1625,4875
6600,1650,4950
6700,1675,5025
6800,1700,5100
6900,1725,5175
7000,1750,5250
100,26,74
200,52,148
300,78,222
400,104,296
500,130,370
600,156,444
700,182,518
800,208,592
900,234,666
1000,260,740
1100,286,814
1200,312,888
1300,338,962
1400,364,1036
1500,390,1110
1600,416,1184
1700,442,1258
1800,468,1332
1900,494,1406
2000,520,1480
2100,546,1554
2200,572,1628
2300,598,1702
2400,624,1776
2500,650,1850
2600,676,1924
2700,702,1998
2800,728,2072
2900,754,2146
3000,780,2220
3100,806,2294
3200,832,2368
3300,858,2442
3400,884,2516
3500,910,2590
3600,936,2664
3700,962,2738
3800,988,2812
3900,1014,2886
4000,1040,2960
4100,1066,3034
4200,1092,3108
4300,1118,3182
4400,1144,3256
4500,1170,3330
4600,1196,3404
4700,1222,3478
4800,1248,3552
4900,1274,3626
5000,1300,3700
5100,1326,3774
5200,1352,3848
5300,1378,3922
5400,1404,3996
5500,1430,4070
5600,1456,4144
5700,1482,4218
5800,1508,4292
5900,1534,4366
6000,1560,4440
6100,1586,4514
6200,1612,4588
6300,1638,4662
6400,1664,4736
6500,1690,4810
6600,1716,4884
6700,1742,4958
6800,1768,5032
6900,1794,5106
7000,1820,5180
100,27,73
200,54,146
300,81,219
400,108,292
500,135,365
600,162,438
700,189,511
800,216,584
900,243,657
1000,270,730
1100,297,803
1200,324,876
1300,351,949
1400,378,1022
1500,405,1095
1600,432,1168
1700,459,1241
1800,486,1314
1900,513,1387
2000,540,1460
2100,567,1533
2200,594,1606
2300,621,1679
2400,648,1752
2500,675,1825
2600,702,1898
2700,729,1971
2800,756,2044
2900,783,2117
3000,810,2190
3100,837,2263
3200,864,2336
3300,891,2409
3400,918,2482
3500,945,2555
3600,972,2628
3700,999,2701
3800,1026,2774
3900,1053,2847
4000,1080,2920
4100,1107,2993
4200,1134,3066
4300,1161,3139
4400,1188,3212
4500,1215,3285
4600,1242,3358
4700,1269,3431
4800,1296,3504
4900,1323,3577
5000,1350,3650
5100,1377,3723
5200,1404,3796
5300,1431,3869
5400,1458,3942
5500,1485,4015
5600,1512,4088
5700,1539,4161
5800,1566,4234
5900,1593,4307
6000,1620,4380
6100,1647,4453
6200,1674,4526
6300,1701,4599
6400,1728,4672
6500,1755,4745
6600,1782,4818
6700,1809,4891
6800,1836,4964
6900,1863,5037
7000,1890,5110
100,28,72
200,56,144
300,84,216
400,112,288
500,140,360
600,168,432
700,196,504
800,224,576
900,252,648
1000,280,720
1100,308,792
1200,336,864
1300,364,936
1400,392,1008
1500,420,1080
1600,448,1152
1700,476,1224
1800,504,1296
1900,532,1368
2000,560,1440
2100,588,1512
2200,616,1584
2300,644,1656
2400,672,1728
2500,700,1800
2600,728,1872
2700,756,1944
2800,784,2016
2900,812,2088
3000,840,2160
3100,868,2232
3200,896,2304
3300,924,2376
3400,952,2448
3500,980,2520
3600,1008,2592
3700,1036,2664
3800,1064,2736
3900,1092,2808
4000,1120,2880
4100,1148,2952
4200,1176,3024
4300,1204,3096
4400,1232,3168
4500,1260,3240
4600,1288,3312
4700,1316,3384
4800,1344,3456
4900,1372,3528
5000,1400,3600
5100,1428,3672
5200,1456,3744
5300,1484,3816
5400,1512,3888
5500,1540,3960
5600,1568,4032
5700,1596,4104
5800,1624,4176
5900,1652,4248
6000,1680,4320
6100,1708,4392
6200,1736,4464
6300,1764,4536
6400,1792,4608
6500,1820,4680
6600,1848,4752
6700,1876,4824
6800,1904,4896
6900,1932,4968
7000,1960,5040
100,29,71
200,58,142
300,87,213
400,116,284
500,145,355
600,174,426
700,203,497
800,232,568
900,261,639
1000,290,710
1100,319,781
1200,348,852
1300,377,923
1400,406,994
1500,435,1065
1600,464,1136
1700,493,1207
1800,522,1278
1900,551,1349
2000,580,1420
2100,609,1491
2200,638,1562
2300,667,1633
2400,696,1704
2500,725,1775
2600,754,1846
2700,783,1917
2800,812,1988
2900,841,2059
3000,870,2130
3100,899,2201
3200,928,2272
3300,957,2343
3400,986,2414
3500,1015,2485
3600,1044,2556
3700,1073,2627
3800,1102,2698
3900,1131,2769
4000,1160,2840
4100,1189,2911
4200,1218,2982
4300,1247,3053
4400,1276,3124
4500,1305,3195
4600,1334,3266
4700,1363,3337
4800,1392,3408
4900,1421,3479
5000,1450,3550
5100,1479,3621
5200,1508,3692
5300,1537,3763
5400,1566,3834
5500,1595,3905
5600,1624,3976
5700,1653,4047
5800,1682,4118
5900,1711,4189
6000,1740,4260
6100,1769,4331
6200,1798,4402
6300,1827,4473
6400,1856,4544
6500,1885,4615
6600,1914,4686
6700,1943,4757
6800,1972,4828
6900,2001,4899
7000,2030,4970
100,30,70
200,60,140
300,90,210
400,120,280
500,150,350
600,180,420
700,210,490
800,240,560
900,270,630
1000,300,700
1100,330,770
1200,360,840
1300,390,910
1400,420,980
1500,450,1050
1600,480,1120
1700,510,1190
1800,540,1260
1900,570,1330
2000,600,1400
2100,630,1470
2200,660,1540
2300,690,1610
2400,720,1680
2500,750,1750
2600,780,1820
2700,810,1890
2800,840,1960
2900,870,2030
3000,900,2100
3100,930,2170
3200,960,2240
3300,990,2310
3400,1020,2380
3500,1050,2450
3600,1080,2520
3700,1110,2590
3800,1140,2660
3900,1170,2730
4000,1200,2800
4100,1230,2870
4200,1260,2940
4300,1290,3010
4400,1320,3080
4500,1350,3150
4600,1380,3220
4700,1410,3290
4800,1440,3360
4900,1470,3430
5000,1500,3500
5100,1530,3570
5200,1560,3640
5300,1590,3710
5400,1620,3780
5500,1650,3850
5600,1680,3920
5700,1710,3990
5800,1740,4060
5900,1770,4130
6000,1800,4200
6100,1830,4270
6200,1860,4340
6300,1890,4410
6400,1920,4480
6500,1950,4550
6600,1980,4620
6700,2010,4690
6800,2040,4760
6900,2070,4830
7000,2100,4900
100,31,69
200,62,138
300,93,207
400,124,276
500,155,345
600,186,414
700,217,483
800,248,552
900,279,621
1000,310,690
1100,341,759
1200,372,828
1300,403,897
1400,434,966
1500,465,1035
1600,496,1104
1700,527,1173
1800,558,1242
1900,589,1311
2000,620,1380
2100,651,1449
2200,682,1518
2300,713,1587
2400,744,1656
2500,775,1725
2600,806,1794
2700,837,1863
2800,868,1932
2900,899,2001
3000,930,2070
3100,961,2139
3200,992,2208
3300,1023,2277
3400,1054,2346
3500,1085,2415
3600,1116,2484
3700,1147,2553
3800,1178,2622
3900,1209,2691
4000,1240,2760
4100,1271,2829
4200,1302,2898
4300,1333,2967
4400,1364,3036
4500,1395,3105
4600,1426,3174
4700,1457,3243
4800,1488,3312
4900,1519,3381
5000,1550,3450
5100,1581,3519
5200,1612,3588
5300,1643,3657
5400,1674,3726
5500,1705,3795
5600,1736,3864
5700,1767,3933
5800,1798,4002
5900,1829,4071
6000,1860,4140
6100,1891,4209
6200,1922,4278
6300,1953,4347
6400,1984,4416
6500,2015,4485
6600,2046,4554
6700,2077,4623
6800,2108,4692
6900,2139,4761
7000,2170,4830
100,32,68
200,64,136
300,96,204
400,128,272
500,160,340
600,192,408
700,224,476
800,256,544
900,288,612
1000,320,680
1100,352,748
1200,384,816
1300,416,884
1400,448,952
1500,480,1020
1600,512,1088
1700,544,1156
1800,576,1224
1900,608,1292
2000,640,1360
2100,672,1428
2200,704,1496
2300,736,1564
2400,768,1632
2500,800,1700
2600,832,1768
2700,864,1836
2800,896,1904
2900,928,1972
3000,960,2040
3100,992,2108
3200,1024,2176
3300,1056,2244
3400,1088,2312
3500,1120,2380
3600,1152,2448
3700,1184,2516
3800,1216,2584
3900,1248,2652
4000,1280,2720
4100,1312,2788
4200,1344,2856
4300,1376,2924
4400,1408,2992
4500,1440,3060
4600,1472,3128
4700,1504,3196
4800,1536,3264
4900,1568,3332
5000,1600,3400
5100,1632,3468
5200,1664,3536
5300,1696,3604
5400,1728,3672
5500,1760,3740
5600,1792,3808
5700,1824,3876
5800,1856,3944
5900,1888,4012
6000,1920,4080
6100,1952,4148
6200,1984,4216
6300,2016,4284
6400,2048,4352
6500,2080,4420
6600,2112,4488
6700,2144,4556
6800,2176,4624
6900,2208,4692
7000,2240,4760
100,33,67
200,66,134
300,99,201
400,132,268
500,165,335
600,198,402
700,231,469
800,264,536
900,297,603
1000,330,670
1100,363,737
1200,396,804
1300,429,871
1400,462,938
1500,495,1005
1600,528,1072
1700,561,1139
1800,594,1206
1900,627,1273
2000,660,1340
2100,693,1407
2200,726,1474
2300,759,1541
2400,792,1608
2500,825,1675
2600,858,1742
2700,891,1809
2800,924,1876
2900,957,1943
3000,990,2010
3100,1023,2077
3200,1056,2144
3300,1089,2211
3400,1122,2278
3500,1155,2345
3600,1188,2412
3700,1221,2479
3800,1254,2546
3900,1287,2613
4000,1320,2680
4100,1353,2747
4200,1386,2814
4300,1419,2881
4400,1452,2948
4500,1485,3015
4600,1518,3082
4700,1551,3149
4800,1584,3216
4900,1617,3283
5000,1650,3350
5100,1683,3417
5200,1716,3484
5300,1749,3551
5400,1782,3618
5500,1815,3685
5600,1848,3752
5700,1881,3819
5800,1914,3886
5900,1947,3953
6000,1980,4020
6100,2013,4087
6200,2046,4154
6300,2079,4221
6400,2112,4288
6500,2145,4355
6600,2178,4422
6700,2211,4489
6800,2244,4556
6900,2277,4623
7000,2310,4690
100,34,66
200,68,132
300,102,198
400,136,264
500,170,330
600,204,396
700,238,462
800,272,528
900,306,594
1000,340,660
1100,374,726
1200,408,792
1300,442,858
1400,476,924
1500,510,990
1600,544,1056
1700,578,1122
1800,612,1188
1900,646,1254
2000,680,1320
2100,714,1386
2200,748,1452
2300,782,1518
2400,816,1584
2500,850,1650
2600,884,1716
2700,918,1782
2800,952,1848
2900,986,1914
3000,1020,1980
3100,1054,2046
3200,1088,2112
3300,1122,2178
3400,1156,2244
3500,1190,2310
3600,1224,2376
3700,1258,2442
3800,1292,2508
3900,1326,2574
4000,1360,2640
4100,1394,2706
4200,1428,2772
4300,1462,2838
4400,1496,2904
4500,1530,2970
4600,1564,3036
4700,1598,3102
4800,1632,3168
4900,1666,3234
5000,1700,3300
5100,1734,3366
5200,1768,3432
5300,1802,3498
5400,1836,3564
5500,1870,3630
5600,1904,3696
5700,1938,3762
5800,1972,3828
5900,2006,3894
6000,2040,3960
6100,2074,4026
6200,2108,4092
6300,2142,4158
6400,2176,4224
6500,2210,4290
6600,2244,4356
6700,2278,4422
6800,2312,4488
6900,2346,4554
7000,2380,4620
100,35,65
200,70,130
300,105,195
400,140,260
500,175,325
600,210,390
700,245,455
800,280,520
900,315,585
1000,350,650
1100,385,715
1200,420,780
1300,455,845
1400,490,910
1500,525,975
1600,560,1040
1700,595,1105
1800,630,1170
1900,665,1235
2000,700,1300
2100,735,1365
2200,770,1430
2300,805,1495
2400,840,1560
2500,875,1625
2600,910,1690
2700,945,1755
2800,980,1820
2900,1015,1885
3000,1050,1950
3100,1085,2015
3200,1120,2080
3300,1155,2145
3400,1190,2210
3500,1225,2275
3600,1260,2340
3700,1295,2405
3800,1330,2470
3900,1365,2535
4000,1400,2600
4100,1435,2665
4200,1470,2730
4300,1505,2795
4400,1540,2860
4500,1575,2925
4600,1610,2990
4700,1645,3055
4800,1680,3120
4900,1715,3185
5000,1750,3250
5100,1785,3315
5200,1820,3380
5300,1855,3445
5400,1890,3510
5500,1925,3575
5600,1960,3640
5700,1995,3705
5800,2030,3770
5900,2065,3835
6000,2100,3900
6100,2135,3965
6200,2170,4030
6300,2205,4095
6400,2240,4160
6500,2275,4225
6600,2310,4290
6700,2345,4355
6800,2380,4420
6900,2415,4485
7000,2450,4550
100,36,64
200,72,128
300,108,192
400,144,256
500,180,320
600,216,384
700,252,448
800,288,512
900,324,576
1000,360,640
1100,396,704
1200,432,768
1300,468,832
1400,504,896
1500,540,960
1600,576,1024
1700,612,1088
1800,648,1152
1900,684,1216
2000,720,1280
2100,756,1344
2200,792,1408
2300,828,1472
2400,864,1536
2500,900,1600
2600,936,1664
2700,972,1728
2800,1008,1792
2900,1044,1856
3000,1080,1920
3100,1116,1984
3200,1152,2048
3300,1188,2112
3400,1224,2176
3500,1260,2240
3600,1296,2304
3700,1332,2368
3800,1368,2432
3900,1404,2496
4000,1440,2560
4100,1476,2624
4200,1512,2688
4300,1548,2752
4400,1584,2816
4500,1620,2880
4600,1656,2944
4700,1692,3008
4800,1728,3072
4900,1764,3136
5000,1800,3200
5100,1836,3264
5200,1872,3328
5300,1908,3392
5400,1944,3456
5500,1980,3520
5600,2016,3584
5700,2052,3648
5800,2088,3712
5900,2124,3776
6000,2160,3840
6100,2196,3904
6200,2232,3968
6300,2268,4032
6400,2304,4096
6500,2340,4160
6600,2376,4224
6700,2412,4288
6800,2448,4352
6900,2484,4416
7000,2520,4480
100,37,63
200,74,126
300,111,189
400,148,252
500,185,315
600,222,378
700,259,441
800,296,504
900,333,567
1000,370,630
1100,407,693
1200,444,756
1300,481,819
1400,518,882
1500,555,945
1600,592,1008
1700,629,1071
1800,666,1134
1900,703,1197
2000,740,1260
2100,777,1323
2200,814,1386
2300,851,1449
2400,888,1512
2500,925,1575
2600,962,1638
2700,999,1701
2800,1036,1764
2900,1073,1827
3000,1110,1890
3100,1147,1953
3200,1184,2016
3300,1221,2079
3400,1258,2142
3500,1295,2205
3600,1332,2268
3700,1369,2331
3800,1406,2394
3900,1443,2457
4000,1480,2520
4100,1517,2583
4200,1554,2646
4300,1591,2709
4400,1628,2772
4500,1665,2835
4600,1702,2898
4700,1739,2961
4800,1776,3024
4900,1813,3087
5000,1850,3150
5100,1887,3213
5200,1924,3276
5300,1961,3339
5400,1998,3402
5500,2035,3465
5600,2072,3528
5700,2109,3591
5800,2146,3654
5900,2183,3717
6000,2220,3780
6100,2257,3843
6200,2294,3906
6300,2331,3969
6400,2368,4032
6500,2405,4095
6600,2442,4158
6700,2479,4221
6800,2516,4284
6900,2553,4347
7000,2590,4410
100,38,62
200,76,124
300,114,186
400,152,248
500,190,310
600,228,372
700,266,434
800,304,496
900,342,558
1000,380,620
1100,418,682
1200,456,744
1300,494,806
1400,532,868
1500,570,930
1600,608,992
1700,646,1054
1800,684,1116
1900,722,1178
2000,760,1240
2100,798,1302
2200,836,1364
2300,874,1426
2400,912,1488
2500,950,1550
2600,988,1612
2700,1026,1674
2800,1064,1736
2900,1102,1798
3000,1140,1860
3100,1178,1922
3200,1216,1984
3300,1254,2046
3400,1292,2108
3500,1330,2170
3600,1368,2232
3700,1406,2294
3800,1444,2356
3900,1482,2418
4000,1520,2480
4100,1558,2542
4200,1596,2604
4300,1634,2666
4400,1672,2728
4500,1710,2790
4600,1748,2852
4700,1786,2914
4800,1824,2976
4900,1862,3038
5000,1900,3100
5100,1938,3162
5200,1976,3224
5300,2014,3286
5400,2052,3348
5500,2090,3410
5600,2128,3472
5700,2166,3534
5800,2204,3596
5900,2242,3658
6000,2280,3720
6100,2318,3782
6200,2356,3844
6300,2394,3906
6400,2432,3968
6500,2470,4030
6600,2508,4092
6700,2546,4154
6800,2584,4216
6900,2622,4278
7000,2660,4340
100,39,61
200,78,122
300,117,183
400,156,244
500,195,305
600,234,366
700,273,427
800,312,488
900,351,549
1000,390,610
1100,429,671
1200,468,732
1300,507,793
1400,546,854
1500,585,915
1600,624,976
1700,663,1037
1800,702,1098
1900,741,1159
2000,780,1220
2100,819,1281
2200,858,1342
2300,897,1403
2400,936,1464
2500,975,1525
2600,1014,1586
2700,1053,1647
2800,1092,1708
2900,1131,1769
3000,1170,1830
3100,1209,1891
3200,1248,1952
3300,1287,2013
3400,1326,2074
3500,1365,2135
3600,1404,2196
3700,1443,2257
3800,1482,2318
3900,1521,2379
4000,1560,2440
4100,1599,2501
4200,1638,2562
4300,1677,2623
4400,1716,2684
4500,1755,2745
4600,1794,2806
4700,1833,2867
4800,1872,2928
4900,1911,2989
5000,1950,3050
5100,1989,3111
5200,2028,3172
5300,2067,3233
5400,2106,3294
5500,2145,3355
5600,2184,3416
5700,2223,3477
5800,2262,3538
5900,2301,3599
6000,2340,3660
6100,2379,3721
6200,2418,3782
6300,2457,3843
6400,2496,3904
6500,2535,3965
6600,2574,4026
6700,2613,4087
6800,2652,4148
6900,2691,4209
7000,2730,4270
100,40,60
200,80,120
300,120,180
400,160,240
500,200,300
600,240,360
700,280,420
800,320,480
900,360,540
1000,400,600
1100,440,660
1200,480,720
1300,520,780
1400,560,840
1500,600,900
1600,640,960
1700,680,1020
1800,720,1080
1900,760,1140
2000,800,1200
2100,840,1260
2200,880,1320
2300,920,1380
2400,960,1440
2500,1000,1500
2600,1040,1560
2700,1080,1620
2800,1120,1680
2900,1160,1740
3000,1200,1800
3100,1240,1860
3200,1280,1920
3300,1320,1980
3400,1360,2040
3500,1400,2100
3600,1440,2160
3700,1480,2220
3800,1520,2280
3900,1560,2340
4000,1600,2400
4100,1640,2460
4200,1680,2520
4300,1720,2580
4400,1760,2640
4500,1800,2700
4600,1840,2760
4700,1880,2820
4800,1920,2880
4900,1960,2940
5000,2000,3000
5100,2040,3060
5200,2080,3120
5300,2120,3180
5400,2160,3240
5500,2200,3300
5600,2240,3360
5700,2280,3420
5800,2320,3480
5900,2360,3540
6000,2400,3600
6100,2440,3660
6200,2480,3720
6300,2520,3780
6400,2560,3840
6500,2600,3900
6600,2640,3960
6700,2680,4020
6800,2720,4080
6900,2760,4140
7000,2800,4200
100,41,59
200,82,118
300,123,177
400,164,236
500,205,295
600,246,354
700,287,413
800,328,472
900,369,531
1000,410,590
1100,451,649
1200,492,708
1300,533,767
1400,574,826
1500,615,885
1600,656,944
1700,697,1003
1800,738,1062
1900,779,1121
2000,820,1180
2100,861,1239
2200,902,1298
2300,943,1357
2400,984,1416
2500,1025,1475
2600,1066,1534
2700,1107,1593
2800,1148,1652
2900,1189,1711
3000,1230,1770
3100,1271,1829
3200,1312,1888
3300,1353,1947
3400,1394,2006
3500,1435,2065
3600,1476,2124
3700,1517,2183
3800,1558,2242
3900,1599,2301
4000,1640,2360
4100,1681,2419
4200,1722,2478
4300,1763,2537
4400,1804,2596
4500,1845,2655
4600,1886,2714
4700,1927,2773
4800,1968,2832
4900,2009,2891
5000,2050,2950
5100,2091,3009
5200,2132,3068
5300,2173,3127
5400,2214,3186
5500,2255,3245
5600,2296,3304
5700,2337,3363
5800,2378,3422
5900,2419,3481
6000,2460,3540
6100,2501,3599
6200,2542,3658
6300,2583,3717
6400,2624,3776
6500,2665,3835
6600,2706,3894
6700,2747,3953
6800,2788,4012
6900,2829,4071
7000,2870,4130
100,42,58
200,84,116
300,126,174
400,168,232
500,210,290
600,252,348
700,294,406
800,336,464
900,378,522
1000,420,580
1100,462,638
1200,504,696
1300,546,754
1400,588,812
1500,630,870
1600,672,928
1700,714,986
1800,756,1044
1900,798,1102
2000,840,1160
2100,882,1218
2200,924,1276
2300,966,1334
2400,1008,1392
2500,1050,1450
2600,1092,1508
2700,1134,1566
2800,1176,1624
2900,1218,1682
3000,1260,1740
3100,1302,1798
3200,1344,1856
3300,1386,1914
3400,1428,1972
3500,1470,2030
3600,1512,2088
3700,1554,2146
3800,1596,2204
3900,1638,2262
4000,1680,2320
4100,1722,2378
4200,1764,2436
4300,1806,2494
4400,1848,2552
4500,1890,2610
4600,1932,2668
4700,1974,2726
4800,2016,2784
4900,2058,2842
5000,2100,2900
5100,2142,2958
5200,2184,3016
5300,2226,3074
5400,2268,3132
5500,2310,3190
5600,2352,3248
5700,2394,3306
5800,2436,3364
5900,2478,3422
6000,2520,3480
6100,2562,3538
6200,2604,3596
6300,2646,3654
6400,2688,3712
6500,2730,3770
6600,2772,3828
6700,2814,3886
6800,2856,3944
6900,2898,4002
7000,2940,4060
100,43,57
200,86,114
300,129,171
400,172,228
500,215,285
600,258,342
700,301,399
800,344,456
900,387,513
1000,430,570
1100,473,627
1200,516,684
1300,559,741
1400,602,798
1500,645,855
1600,688,912
1700,731,969
1800,774,1026
1900,817,1083
2000,860,1140
2100,903,1197
2200,946,1254
2300,989,1311
2400,1032,1368
2500,1075,1425
2600,1118,1482
2700,1161,1539
2800,1204,1596
2900,1247,1653
3000,1290,1710
3100,1333,1767
3200,1376,1824
3300,1419,1881
3400,1462,1938
3500,1505,1995
3600,1548,2052
3700,1591,2109
3800,1634,2166
3900,1677,2223
4000,1720,2280
4100,1763,2337
4200,1806,2394
4300,1849,2451
4400,1892,2508
4500,1935,2565
4600,1978,2622
4700,2021,2679
4800,2064,2736
4900,2107,2793
5000,2150,2850
5100,2193,2907
5200,2236,2964
5300,2279,3021
5400,2322,3078
5500,2365,3135
5600,2408,3192
5700,2451,3249
5800,2494,3306
5900,2537,3363
6000,2580,3420
6100,2623,3477
6200,2666,3534
6300,2709,3591
6400,2752,3648
6500,2795,3705
6600,2838,3762
6700,2881,3819
6800,2924,3876
6900,2967,3933
7000,3010,3990
100,44,56
200,88,112
300,132,168
400,176,224
500,220,280
600,264,336
700,308,392
800,352,448
900,396,504
1000,440,560
1100,484,616
1200,528,672
1300,572,728
1400,616,784
1500,660,840
1600,704,896
1700,748,952
1800,792,1008
1900,836,1064
2000,880,1120
2100,924,1176
2200,968,1232
2300,1012,1288
2400,1056,1344
2500,1100,1400
2600,1144,1456
2700,1188,1512
2800,1232,1568
2900,1276,1624
3000,1320,1680
3100,1364,1736
3200,1408,1792
3300,1452,1848
3400,1496,1904
3500,1540,1960
3600,1584,2016
3700,1628,2072
3800,1672,2128
3900,1716,2184
4000,1760,2240
4100,1804,2296
4200,1848,2352
4300,1892,2408
4400,1936,2464
4500,1980,2520
4600,2024,2576
4700,2068,2632
4800,2112,2688
4900,2156,2744
5000,2200,2800
5100,2244,2856
5200,2288,2912
5300,2332,2968
5400,2376,3024
5500,2420,3080
5600,2464,3136
5700,2508,3192
5800,2552,3248
5900,2596,3304
6000,2640,3360
6100,2684,3416
6200,2728,3472
6300,2772,3528
6400,2816,3584
6500,2860,3640
6600,2904,3696
6700,2948,3752
6800,2992,3808
6900,3036,3864
7000,3080,3920
100,45,55
200,90,110
300,135,165
400,180,220
500,225,275
600,270,330
700,315,385
800,360,440
900,405,495
1000,450,550
1100,495,605
1200,540,660
1300,585,715
1400,630,770
1500,675,825
1600,720,880
1700,765,935
1800,810,990
1900,855,1045
2000,900,1100
2100,945,1155
2200,990,1210
2300,1035,1265
2400,1080,1320
2500,1125,1375
2600,1170,1430
2700,1215,1485
2800,1260,1540
2900,1305,1595
3000,1350,1650
3100,1395,1705
3200,1440,1760
3300,1485,1815
3400,1530,1870
3500,1575,1925
3600,1620,1980
3700,1665,2035
3800,1710,2090
3900,1755,2145
4000,1800,2200
4100,1845,2255
4200,1890,2310
4300,1935,2365
4400,1980,2420
4500,2025,2475
4600,2070,2530
4700,2115,2585
4800,2160,2640
4900,2205,2695
5000,2250,2750
5100,2295,2805
5200,2340,2860
5300,2385,2915
5400,2430,2970
5500,2475,3025
5600,2520,3080
5700,2565,3135
5800,2610,3190
5900,2655,3245
6000,2700,3300
6100,2745,3355
6200,2790,3410
6300,2835,3465
6400,2880,3520
6500,2925,3575
6600,2970,3630
6700,3015,3685
6800,3060,3740
6900,3105,3795
7000,3150,3850
100,46,54
200,92,108
300,138,162
400,184,216
500,230,270
600,276,324
700,322,378
800,368,432
900,414,486
1000,460,540
1100,506,594
1200,552,648
1300,598,702
1400,644,756
1500,690,810
1600,736,864
1700,782,918
1800,828,972
1900,874,1026
2000,920,1080
2100,966,1134
2200,1012,1188
2300,1058,1242
2400,1104,1296
2500,1150,1350
2600,1196,1404
2700,1242,1458
2800,1288,1512
2900,1334,1566
3000,1380,1620
3100,1426,1674
3200,1472,1728
3300,1518,1782
3400,1564,1836
3500,1610,1890
3600,1656,1944
3700,1702,1998
3800,1748,2052
3900,1794,2106
4000,1840,2160
4100,1886,2214
4200,1932,2268
4300,1978,2322
4400,2024,2376
4500,2070,2430
4600,2116,2484
4700,2162,2538
4800,2208,2592
4900,2254,2646
5000,2300,2700
5100,2346,2754
5200,2392,2808
5300,2438,2862
5400,2484,2916
5500,2530,2970
5600,2576,3024
5700,2622,3078
5800,2668,3132
5900,2714,3186
6000,2760,3240
6100,2806,3294
6200,2852,3348
6300,2898,3402
6400,2944,3456
6500,2990,3510
6600,3036,3564
6700,3082,3618
6800,3128,3672
6900,3174,3726
7000,3220,3780
100,47,53
200,94,106
300,141,159
400,188,212
500,235,265
600,282,318
700,329,371
800,376,424
900,423,477
1000,470,530
1100,517,583
1200,564,636
1300,611,689
1400,658,742
1500,705,795
1600,752,848
1700,799,901
1800,846,954
1900,893,1007
2000,940,1060
2100,987,1113
2200,1034,1166
2300,1081,1219
2400,1128,1272
2500,1175,1325
2600,1222,1378
2700,1269,1431
2800,1316,1484
2900,1363,1537
3000,1410,1590
3100,1457,1643
3200,1504,1696
3300,1551,1749
3400,1598,1802
3500,1645,1855
3600,1692,1908
3700,1739,1961
3800,1786,2014
3900,1833,2067
4000,1880,2120
4100,1927,2173
4200,1974,2226
4300,2021,2279
4400,2068,2332
4500,2115,2385
4600,2162,2438
4700,2209,2491
4800,2256,2544
4900,2303,2597
5000,2350,2650
5100,2397,2703
5200,2444,2756
5300,2491,2809
5400,2538,2862
5500,2585,2915
5600,2632,2968
5700,2679,3021
5800,2726,3074
5900,2773,3127
6000,2820,3180
6100,2867,3233
6200,2914,3286
6300,2961,3339
6400,3008,3392
6500,3055,3445
6600,3102,3498
6700,3149,3551
6800,3196,3604
6900,3243,3657
7000,3290,3710
100,48,52
200,96,104
300,144,156
400,192,208
500,240,260
600,288,312
700,336,364
800,384,416
900,432,468
1000,480,520
1100,528,572
1200,576,624
1300,624,676
1400,672,728
1500,720,780
1600,768,832
1700,816,884
1800,864,936
1900,912,988
2000,960,1040
2100,1008,1092
2200,1056,1144
2300,1104,1196
2400,1152,1248
2500,1200,1300
2600,1248,1352
2700,1296,1404
2800,1344,1456
2900,1392,1508
3000,1440,1560
3100,1488,1612
3200,1536,1664
3300,1584,1716
3400,1632,1768
3500,1680,1820
3600,1728,1872
3700,1776,1924
3800,1824,1976
3900,1872,2028
4000,1920,2080
4100,1968,2132
4200,2016,2184
4300,2064,2236
4400,2112,2288
4500,2160,2340
4600,2208,2392
4700,2256,2444
4800,2304,2496
4900,2352,2548
5000,2400,2600
5100,2448,2652
5200,2496,2704
5300,2544,2756
5400,2592,2808
5500,2640,2860
5600,2688,2912
5700,2736,2964
5800,2784,3016
5900,2832,3068
6000,2880,3120
6100,2928,3172
6200,2976,3224
6300,3024,3276
6400,3072,3328
6500,3120,3380
6600,3168,3432
6700,3216,3484
6800,3264,3536
6900,3312,3588
7000,3360,3640
100,49,51
200,98,102
300,147,153
400,196,204
500,245,255
600,294,306
700,343,357
800,392,408
900,441,459
1000,490,510
1100,539,561
1200,588,612
1300,637,663
1400,686,714
1500,735,765
1600,784,816
1700,833,867
1800,882,918
1900,931,969
2000,980,1020
2100,1029,1071
2200,1078,1122
2300,1127,1173
2400,1176,1224
2500,1225,1275
2600,1274,1326
2700,1323,1377
2800,1372,1428
2900,1421,1479
3000,1470,1530
3100,1519,1581
3200,1568,1632
3300,1617,1683
3400,1666,1734
3500,1715,1785
3600,1764,1836
3700,1813,1887
3800,1862,1938
3900,1911,1989
4000,1960,2040
4100,2009,2091
4200,2058,2142
4300,2107,2193
4400,2156,2244
4500,2205,2295
4600,2254,2346
4700,2303,2397
4800,2352,2448
4900,2401,2499
5000,2450,2550
5100,2499,2601
5200,2548,2652
5300,2597,2703
5400,2646,2754
5500,2695,2805
5600,2744,2856
5700,2793,2907
5800,2842,2958
5900,2891,3009
6000,2940,3060
6100,2989,3111
6200,3038,3162
6300,3087,3213
6400,3136,3264
6500,3185,3315
6600,3234,3366
6700,3283,3417
6800,3332,3468
6900,3381,3519
7000,3430,3570
100,50,50
200,100,100
300,150,150
400,200,200
500,250,250
600,300,300
700,350,350
800,400,400
900,450,450
1000,500,500
1100,550,550
1200,600,600
1300,650,650
1400,700,700
1500,750,750
1600,800,800
1700,850,850
1800,900,900
1900,950,950
2000,1000,1000
2100,1050,1050
2200,1100,1100
2300,1150,1150
2400,1200,1200
2500,1250,1250
2600,1300,1300
2700,1350,1350
2800,1400,1400
2900,1450,1450
3000,1500,1500
3100,1550,1550
3200,1600,1600
3300,1650,1650
3400,1700,1700
3500,1750,1750
3600,1800,1800
3700,1850,1850
3800,1900,1900
3900,1950,1950
4000,2000,2000
4100,2050,2050
4200,2100,2100
4300,2150,2150
4400,2200,2200
4500,2250,2250
4600,2300,2300
4700,2350,2350
4800,2400,2400
4900,2450,2450
5000,2500,2500
5100,2550,2550
5200,2600,2600
5300,2650,2650
5400,2700,2700
5500,2750,2750
5600,2800,2800
5700,2850,2850
5800,2900,2900
5900,2950,2950
6000,3000,3000
6100,3050,3050
6200,3100,3100
6300,3150,3150
6400,3200,3200
6500,3250,3250
6600,3300,3300
6700,3350,3350
6800,3400,3400
6900,3450,3450
7000,3500,3500
100,51,49
200,102,98
300,153,147
400,204,196
500,255,245
600,306,294
700,357,343
800,408,392
900,459,441
1000,510,490
1100,561,539
1200,612,588
1300,663,637
1400,714,686
1500,765,735
1600,816,784
1700,867,833
1800,918,882
1900,969,931
2000,1020,980
2100,1071,1029
2200,1122,1078
2300,1173,1127
2400,1224,1176
2500,1275,1225
2600,1326,1274
2700,1377,1323
2800,1428,1372
2900,1479,1421
3000,1530,1470
3100,1581,1519
3200,1632,1568
3300,1683,1617
3400,1734,1666
3500,1785,1715
3600,1836,1764
3700,1887,1813
3800,1938,1862
3900,1989,1911
4000,2040,1960
4100,2091,2009
4200,2142,2058
4300,2193,2107
4400,2244,2156
4500,2295,2205
4600,2346,2254
4700,2397,2303
4800,2448,2352
4900,2499,2401
5000,2550,2450
5100,2601,2499
5200,2652,2548
5300,2703,2597
5400,2754,2646
5500,2805,2695
5600,2856,2744
5700,2907,2793
5800,2958,2842
5900,3009,2891
6000,3060,2940
6100,3111,2989
6200,3162,3038
6300,3213,3087
6400,3264,3136
6500,3315,3185
6600,3366,3234
6700,3417,3283
6800,3468,3332
6900,3519,3381
7000,3570,3430
100,52,48
200,104,96
300,156,144
400,208,192
500,260,240
600,312,288
700,364,336
800,416,384
900,468,432
1000,520,480
1100,572,528
1200,624,576
1300,676,624
1400,728,672
1500,780,720
1600,832,768
1700,884,816
1800,936,864
1900,988,912
2000,1040,960
2100,1092,1008
2200,1144,1056
2300,1196,1104
2400,1248,1152
2500,1300,1200
2600,1352,1248
2700,1404,1296
2800,1456,1344
2900,1508,1392
3000,1560,1440
3100,1612,1488
3200,1664,1536
3300,1716,1584
3400,1768,1632
3500,1820,1680
3600,1872,1728
3700,1924,1776
3800,1976,1824
3900,2028,1872
4000,2080,1920
4100,2132,1968
4200,2184,2016
4300,2236,2064
4400,2288,2112
4500,2340,2160
4600,2392,2208
4700,2444,2256
4800,2496,2304
4900,2548,2352
5000,2600,2400
5100,2652,2448
5200,2704,2496
5300,2756,2544
5400,2808,2592
5500,2860,2640
5600,2912,2688
5700,2964,2736
5800,3016,2784
5900,3068,2832
6000,3120,2880
6100,3172,2928
6200,3224,2976
6300,3276,3024
6400,3328,3072
6500,3380,3120
6600,3432,3168
6700,3484,3216
6800,3536,3264
6900,3588,3312
7000,3640,3360
100,53,47
200,106,94
300,159,141
400,212,188
500,265,235
600,318,282
700,371,329
800,424,376
900,477,423
1000,530,470
1100,583,517
1200,636,564
1300,689,611
1400,742,658
1500,795,705
1600,848,752
1700,901,799
1800,954,846
1900,1007,893
2000,1060,940
2100,1113,987
2200,1166,1034
2300,1219,1081
2400,1272,1128
2500,1325,1175
2600,1378,1222
2700,1431,1269
2800,1484,1316
2900,1537,1363
3000,1590,1410
3100,1643,1457
3200,1696,1504
3300,1749,1551
3400,1802,1598
3500,1855,1645
3600,1908,1692
3700,1961,1739
3800,2014,1786
3900,2067,1833
4000,2120,1880
4100,2173,1927
4200,2226,1974
4300,2279,2021
4400,2332,2068
4500,2385,2115
4600,2438,2162
4700,2491,2209
4800,2544,2256
4900,2597,2303
5000,2650,2350
5100,2703,2397
5200,2756,2444
5300,2809,2491
5400,2862,2538
5500,2915,2585
5600,2968,2632
5700,3021,2679
5800,3074,2726
5900,3127,2773
6000,3180,2820
6100,3233,2867
6200,3286,2914
6300,3339,2961
6400,3392,3008
6500,3445,3055
6600,3498,3102
6700,3551,3149
6800,3604,3196
6900,3657,3243
7000,3710,3290
100,54,46
200,108,92
300,162,138
400,216,184
500,270,230
600,324,276
700,378,322
800,432,368
900,486,414
1000,540,460
1100,594,506
1200,648,552
1300,702,598
1400,756,644
1500,810,690
1600,864,736
1700,918,782
1800,972,828
1900,1026,874
2000,1080,920
2100,1134,966
2200,1188,1012
2300,1242,1058
2400,1296,1104
2500,1350,1150
2600,1404,1196
2700,1458,1242
2800,1512,1288
2900,1566,1334
3000,1620,1380
3100,1674,1426
3200,1728,1472
3300,1782,1518
3400,1836,1564
3500,1890,1610
3600,1944,1656
3700,1998,1702
3800,2052,1748
3900,2106,1794
4000,2160,1840
4100,2214,1886
4200,2268,1932
4300,2322,1978
4400,2376,2024
4500,2430,2070
4600,2484,2116
4700,2538,2162
4800,2592,2208
4900,2646,2254
5000,2700,2300
5100,2754,2346
5200,2808,2392
5300,2862,2438
5400,2916,2484
5500,2970,2530
5600,3024,2576
5700,3078,2622
5800,3132,2668
5900,3186,2714
6000,3240,2760
6100,3294,2806
6200,3348,2852
6300,3402,2898
6400,3456,2944
6500,3510,2990
6600,3564,3036
6700,3618,3082
6800,3672,3128
6900,3726,3174
7000,3780,3220
100,55,45
200,110,90
300,165,135
400,220,180
500,275,225
600,330,270
700,385,315
800,440,360
900,495,405
1000,550,450
1100,605,495
1200,660,540
1300,715,585
1400,770,630
1500,825,675
1600,880,720
1700,935,765
1800,990,810
1900,1045,855
2000,1100,900
2100,1155,945
2200,1210,990
2300,1265,1035
2400,1320,1080
2500,1375,1125
2600,1430,1170
2700,1485,1215
2800,1540,1260
2900,1595,1305
3000,1650,1350
3100,1705,1395
3200,1760,1440
3300,1815,1485
3400,1870,1530
3500,1925,1575
3600,1980,1620
3700,2035,1665
3800,2090,1710
3900,2145,1755
4000,2200,1800
4100,2255,1845
4200,2310,1890
4300,2365,1935
4400,2420,1980
4500,2475,2025
4600,2530,2070
4700,2585,2115
4800,2640,2160
4900,2695,2205
5000,2750,2250
5100,2805,2295
5200,2860,2340
5300,2915,2385
5400,2970,2430
5500,3025,2475
5600,3080,2520
5700,3135,2565
5800,3190,2610
5900,3245,2655
6000,3300,2700
6100,3355,2745
6200,3410,2790
6300,3465,2835
6400,3520,2880
6500,3575,2925
6600,3630,2970
6700,3685,3015
6800,3740,3060
6900,3795,3105
7000,3850,3150
100,56,44
200,112,88
300,168,132
400,224,176
500,280,220
600,336,264
700,392,308
800,448,352
900,504,396
1000,560,440
1100,616,484
1200,672,528
1300,728,572
1400,784,616
1500,840,660
1600,896,704
1700,952,748
1800,1008,792
1900,1064,836
2000,1120,880
2100,1176,924
2200,1232,968
2300,1288,1012
2400,1344,1056
2500,1400,1100
2600,1456,1144
2700,1512,1188
2800,1568,1232
2900,1624,1276
3000,1680,1320
3100,1736,1364
3200,1792,1408
3300,1848,1452
3400,1904,1496
3500,1960,1540
3600,2016,1584
3700,2072,1628
3800,2128,1672
3900,2184,1716
4000,2240,1760
4100,2296,1804
4200,2352,1848
4300,2408,1892
4400,2464,1936
4500,2520,1980
4600,2576,2024
4700,2632,2068
4800,2688,2112
4900,2744,2156
5000,2800,2200
5100,2856,2244
5200,2912,2288
5300,2968,2332
5400,3024,2376
5500,3080,2420
5600,3136,2464
5700,3192,2508
5800,3248,2552
5900,3304,2596
6000,3360,2640
6100,3416,2684
6200,3472,2728
6300,3528,2772
6400,3584,2816
6500,3640,2860
6600,3696,2904
6700,3752,2948
6800,3808,2992
6900,3864,3036
7000,3920,3080
100,57,43
200,114,86
300,171,129
400,228,172
500,285,215
600,342,258
700,399,301
800,456,344
900,513,387
1000,570,430
1100,627,473
1200,684,516
1300,741,559
1400,798,602
1500,855,645
1600,912,688
1700,969,731
1800,1026,774
1900,1083,817
2000,1140,860
2100,1197,903
2200,1254,946
2300,1311,989
2400,1368,1032
2500,1425,1075
2600,1482,1118
2700,1539,1161
2800,1596,1204
2900,1653,1247
3000,1710,1290
3100,1767,1333
3200,1824,1376
3300,1881,1419
3400,1938,1462
3500,1995,1505
3600,2052,1548
3700,2109,1591
3800,2166,1634
3900,2223,1677
4000,2280,1720
4100,2337,1763
4200,2394,1806
4300,2451,1849
4400,2508,1892
4500,2565,1935
4600,2622,1978
4700,2679,2021
4800,2736,2064
4900,2793,2107
5000,2850,2150
5100,2907,2193
5200,2964,2236
5300,3021,2279
5400,3078,2322
5500,3135,2365
5600,3192,2408
5700,3249,2451
5800,3306,2494
5900,3363,2537
6000,3420,2580
6100,3477,2623
6200,3534,2666
6300,3591,2709
6400,3648,2752
6500,3705,2795
6600,3762,2838
6700,3819,2881
6800,3876,2924
6900,3933,2967
7000,3990,3010
100,58,42
200,116,84
300,174,126
400,232,168
500,290,210
600,348,252
700,406,294
800,464,336
900,522,378
1000,580,420
1100,638,462
1200,696,504
1300,754,546
1400,812,588
1500,870,630
1600,928,672
1700,986,714
1800,1044,756
1900,1102,798
2000,1160,840
2100,1218,882
2200,1276,924
2300,1334,966
2400,1392,1008
2500,1450,1050
2600,1508,1092
2700,1566,1134
2800,1624,1176
2900,1682,1218
3000,1740,1260
3100,1798,1302
3200,1856,1344
3300,1914,1386
3400,1972,1428
3500,2030,1470
3600,2088,1512
3700,2146,1554
3800,2204,1596
3900,2262,1638
4000,2320,1680
4100,2378,1722
4200,2436,1764
4300,2494,1806
4400,2552,1848
4500,2610,1890
4600,2668,1932
4700,2726,1974
4800,2784,2016
4900,2842,2058
5000,2900,2100
5100,2958,2142
5200,3016,2184
5300,3074,2226
5400,3132,2268
5500,3190,2310
5600,3248,2352
5700,3306,2394
5800,3364,2436
5900,3422,2478
6000,3480,2520
6100,3538,2562
6200,3596,2604
6300,3654,2646
6400,3712,2688
6500,3770,2730
6600,3828,2772
6700,3886,2814
6800,3944,2856
6900,4002,2898
7000,4060,2940
100,59,41
200,118,82
300,177,123
400,236,164
500,295,205
600,354,246
700,413,287
800,472,328
900,531,369
1000,590,410
1100,649,451
1200,708,492
1300,767,533
1400,826,574
1500,885,615
1600,944,656
1700,1003,697
1800,1062,738
1900,1121,779
2000,1180,820
2100,1239,861
2200,1298,902
2300,1357,943
2400,1416,984
2500,1475,1025
2600,1534,1066
2700,1593,1107
2800,1652,1148
2900,1711,1189
3000,1770,1230
3100,1829,1271
3200,1888,1312
3300,1947,1353
3400,2006,1394
3500,2065,1435
3600,2124,1476
3700,2183,1517
3800,2242,1558
3900,2301,1599
4000,2360,1640
4100,2419,1681
4200,2478,1722
4300,2537,1763
4400,2596,1804
4500,2655,1845
4600,2714,1886
4700,2773,1927
4800,2832,1968
4900,2891,2009
5000,2950,2050
5100,3009,2091
5200,3068,2132
5300,3127,2173
5400,3186,2214
5500,3245,2255
5600,3304,2296
5700,3363,2337
5800,3422,2378
5900,3481,2419
6000,3540,2460
6100,3599,2501
6200,3658,2542
6300,3717,2583
6400,3776,2624
6500,3835,2665
6600,3894,2706
6700,3953,2747
6800,4012,2788
6900,4071,2829
7000,4130,2870
100,60,40
200,120,80
300,180,120
400,240,160
500,300,200
600,360,240
700,420,280
800,480,320
900,540,360
1000,600,400
1100,660,440
1200,720,480
1300,780,520
1400,840,560
1500,900,600
1600,960,640
1700,1020,680
1800,1080,720
1900,1140,760
2000,1200,800
2100,1260,840
2200,1320,880
2300,1380,920
2400,1440,960
2500,1500,1000
2600,1560,1040
2700,1620,1080
2800,1680,1120
2900,1740,1160
3000,1800,1200
3100,1860,1240
3200,1920,1280
3300,1980,1320
3400,2040,1360
3500,2100,1400
3600,2160,1440
3700,2220,1480
3800,2280,1520
3900,2340,1560
4000,2400,1600
4100,2460,1640
4200,2520,1680
4300,2580,1720
4400,2640,1760
4500,2700,1800
4600,2760,1840
4700,2820,1880
4800,2880,1920
4900,2940,1960
5000,3000,2000
5100,3060,2040
5200,3120,2080
5300,3180,2120
5400,3240,2160
5500,3300,2200
5600,3360,2240
5700,3420,2280
5800,3480,2320
5900,3540,2360
6000,3600,2400
6100,3660,2440
6200,3720,2480
6300,3780,2520
6400,3840,2560
6500,3900,2600
6600,3960,2640
6700,4020,2680
6800,4080,2720
6900,4140,2760
7000,4200,2800
100,61,39
200,122,78
300,183,117
400,244,156
500,305,195
600,366,234
700,427,273
800,488,312
900,549,351
1000,610,390
1100,671,429
1200,732,468
1300,793,507
1400,854,546
1500,915,585
1600,976,624
1700,1037,663
1800,1098,702
1900,1159,741
2000,1220,780
2100,1281,819
2200,1342,858
2300,1403,897
2400,1464,936
2500,1525,975
2600,1586,1014
2700,1647,1053
2800,1708,1092
2900,1769,1131
3000,1830,1170
3100,1891,1209
3200,1952,1248
3300,2013,1287
3400,2074,1326
3500,2135,1365
3600,2196,1404
3700,2257,1443
3800,2318,1482
3900,2379,1521
4000,2440,1560
4100,2501,1599
4200,2562,1638
4300,2623,1677
4400,2684,1716
4500,2745,1755
4600,2806,1794
4700,2867,1833
4800,2928,1872
4900,2989,1911
5000,3050,1950
5100,3111,1989
5200,3172,2028
5300,3233,2067
5400,3294,2106
5500,3355,2145
5600,3416,2184
5700,3477,2223
5800,3538,2262
5900,3599,2301
6000,3660,2340
6100,3721,2379
6200,3782,2418
6300,3843,2457
6400,3904,2496
6500,3965,2535
6600,4026,2574
6700,4087,2613
6800,4148,2652
6900,4209,2691
7000,4270,2730
100,62,38
200,124,76
300,186,114
400,248,152
500,310,190
600,372,228
700,434,266
800,496,304
900,558,342
1000,620,380
1100,682,418
1200,744,456
1300,806,494
1400,868,532
1500,930,570
1600,992,608
1700,1054,646
1800,1116,684
1900,1178,722
2000,1240,760
2100,1302,798
2200,1364,836
2300,1426,874
2400,1488,912
2500,1550,950
2600,1612,988
2700,1674,1026
2800,1736,1064
2900,1798,1102
3000,1860,1140
3100,1922,1178
3200,1984,1216
3300,2046,1254
3400,2108,1292
3500,2170,1330
3600,2232,1368
3700,2294,1406
3800,2356,1444
3900,2418,1482
4000,2480,1520
4100,2542,1558
4200,2604,1596
4300,2666,1634
4400,2728,1672
4500,2790,1710
4600,2852,1748
4700,2914,1786
4800,2976,1824
4900,3038,1862
5000,3100,1900
5100,3162,1938
5200,3224,1976
5300,3286,2014
5400,3348,2052
5500,3410,2090
5600,3472,2128
5700,3534,2166
5800,3596,2204
5900,3658,2242
6000,3720,2280
6100,3782,2318
6200,3844,2356
6300,3906,2394
6400,3968,2432
6500,4030,2470
6600,4092,2508
6700,4154,2546
6800,4216,2584
6900,4278,2622
7000,4340,2660
100,63,37
200,126,74
300,189,111
400,252,148
500,315,185
600,378,222
700,441,259
800,504,296
900,567,333
1000,630,370
1100,693,407
1200,756,444
1300,819,481
1400,882,518
1500,945,555
1600,1008,592
1700,1071,629
1800,1134,666
1900,1197,703
2000,1260,740
2100,1323,777
2200,1386,814
2300,1449,851
2400,1512,888
2500,1575,925
2600,1638,962
2700,1701,999
2800,1764,1036
2900,1827,1073
3000,1890,1110
3100,1953,1147
3200,2016,1184
3300,2079,1221
3400,2142,1258
3500,2205,1295
3600,2268,1332
3700,2331,1369
3800,2394,1406
3900,2457,1443
4000,2520,1480
4100,2583,1517
4200,2646,1554
4300,2709,1591
4400,2772,1628
4500,2835,1665
4600,2898,1702
4700,2961,1739
4800,3024,1776
4900,3087,1813
5000,3150,1850
5100,3213,1887
5200,3276,1924
5300,3339,1961
5400,3402,1998
5500,3465,2035
5600,3528,2072
5700,3591,2109
5800,3654,2146
5900,3717,2183
6000,3780,2220
6100,3843,2257
6200,3906,2294
6300,3969,2331
6400,4032,2368
6500,4095,2405
6600,4158,2442
6700,4221,2479
6800,4284,2516
6900,4347,2553
7000,4410,2590
100,64,36
200,128,72
300,192,108
400,256,144
500,320,180
600,384,216
700,448,252
800,512,288
900,576,324
1000,640,360
1100,704,396
1200,768,432
1300,832,468
1400,896,504
1500,960,540
1600,1024,576
1700,1088,612
1800,1152,648
1900,1216,684
2000,1280,720
2100,1344,756
2200,1408,792
2300,1472,828
2400,1536,864
2500,1600,900
2600,1664,936
2700,1728,972
2800,1792,1008
2900,1856,1044
3000,1920,1080
3100,1984,1116
3200,2048,1152
3300,2112,1188
3400,2176,1224
3500,2240,1260
3600,2304,1296
3700,2368,1332
3800,2432,1368
3900,2496,1404
4000,2560,1440
4100,2624,1476
4200,2688,1512
4300,2752,1548
4400,2816,1584
4500,2880,1620
4600,2944,1656
4700,3008,1692
4800,3072,1728
4900,3136,1764
5000,3200,1800
5100,3264,1836
5200,3328,1872
5300,3392,1908
5400,3456,1944
5500,3520,1980
5600,3584,2016
5700,3648,2052
5800,3712,2088
5900,3776,2124
6000,3840,2160
6100,3904,2196
6200,3968,2232
6300,4032,2268
6400,4096,2304
6500,4160,2340
6600,4224,2376
6700,4288,2412
6800,4352,2448
6900,4416,2484
7000,4480,2520
100,65,35
200,130,70
300,195,105
400,260,140
500,325,175
600,390,210
700,455,245
800,520,280
900,585,315
1000,650,350
1100,715,385
1200,780,420
1300,845,455
1400,910,490
1500,975,525
1600,1040,560
1700,1105,595
1800,1170,630
1900,1235,665
2000,1300,700
2100,1365,735
2200,1430,770
2300,1495,805
2400,1560,840
2500,1625,875
2600,1690,910
2700,1755,945
2800,1820,980
2900,1885,1015
3000,1950,1050
3100,2015,1085
3200,2080,1120
3300,2145,1155
3400,2210,1190
3500,2275,1225
3600,2340,1260
3700,2405,1295
3800,2470,1330
3900,2535,1365
4000,2600,1400
4100,2665,1435
4200,2730,1470
4300,2795,1505
4400,2860,1540
4500,2925,1575
4600,2990,1610
4700,3055,1645
4800,3120,1680
4900,3185,1715
5000,3250,1750
5100,3315,1785
5200,3380,1820
5300,3445,1855
5400,3510,1890
5500,3575,1925
5600,3640,1960
5700,3705,1995
5800,3770,2030
5900,3835,2065
6000,3900,2100
6100,3965,2135
6200,4030,2170
6300,4095,2205
6400,4160,2240
6500,4225,2275
6600,4290,2310
6700,4355,2345
6800,4420,2380
6900,4485,2415
7000,4550,2450
100,66,34
200,132,68
300,198,102
400,264,136
500,330,170
600,396,204
700,462,238
800,528,272
900,594,306
1000,660,340
1100,726,374
1200,792,408
1300,858,442
1400,924,476
1500,990,510
1600,1056,544
1700,1122,578
1800,1188,612
1900,1254,646
2000,1320,680
2100,1386,714
2200,1452,748
2300,1518,782
2400,1584,816
2500,1650,850
2600,1716,884
2700,1782,918
2800,1848,952
2900,1914,986
3000,1980,1020
3100,2046,1054
3200,2112,1088
3300,2178,1122
3400,2244,1156
3500,2310,1190
3600,2376,1224
3700,2442,1258
3800,2508,1292
3900,2574,1326
4000,2640,1360
4100,2706,1394
4200,2772,1428
4300,2838,1462
4400,2904,1496
4500,2970,1530
4600,3036,1564
4700,3102,1598
4800,3168,1632
4900,3234,1666
5000,3300,1700
5100,3366,1734
5200,3432,1768
5300,3498,1802
5400,3564,1836
5500,3630,1870
5600,3696,1904
5700,3762,1938
5800,3828,1972
5900,3894,2006
6000,3960,2040
6100,4026,2074
6200,4092,2108
6300,4158,2142
6400,4224,2176
6500,4290,2210
6600,4356,2244
6700,4422,2278
6800,4488,2312
6900,4554,2346
7000,4620,2380
100,67,33
200,134,66
300,201,99
400,268,132
500,335,165
600,402,198
700,469,231
800,536,264
900,603,297
1000,670,330
1100,737,363
1200,804,396
1300,871,429
1400,938,462
1500,1005,495
1600,1072,528
1700,1139,561
1800,1206,594
1900,1273,627
2000,1340,660
2100,1407,693
2200,1474,726
2300,1541,759
2400,1608,792
2500,1675,825
2600,1742,858
2700,1809,891
2800,1876,924
2900,1943,957
3000,2010,990
3100,2077,1023
3200,2144,1056
3300,2211,1089
3400,2278,1122
3500,2345,1155
3600,2412,1188
3700,2479,1221
3800,2546,1254
3900,2613,1287
4000,2680,1320
4100,2747,1353
4200,2814,1386
4300,2881,1419
4400,2948,1452
4500,3015,1485
4600,3082,1518
4700,3149,1551
4800,3216,1584
4900,3283,1617
5000,3350,1650
5100,3417,1683
5200,3484,1716
5300,3551,1749
5400,3618,1782
5500,3685,1815
5600,3752,1848
5700,3819,1881
5800,3886,1914
5900,3953,1947
6000,4020,1980
6100,4087,2013
6200,4154,2046
6300,4221,2079
6400,4288,2112
6500,4355,2145
6600,4422,2178
6700,4489,2211
6800,4556,2244
6900,4623,2277
7000,4690,2310
100,68,32
200,136,64
300,204,96
400,272,128
500,340,160
600,408,192
700,476,224
800,544,256
900,612,288
1000,680,320
1100,748,352
1200,816,384
1300,884,416
1400,952,448
1500,1020,480
1600,1088,512
1700,1156,544
1800,1224,576
1900,1292,608
2000,1360,640
2100,1428,672
2200,1496,704
2300,1564,736
2400,1632,768
2500,1700,800
2600,1768,832
2700,1836,864
2800,1904,896
2900,1972,928
3000,2040,960
3100,2108,992
3200,2176,1024
3300,2244,1056
3400,2312,1088
3500,2380,1120
3600,2448,1152
3700,2516,1184
3800,2584,1216
3900,2652,1248
4000,2720,1280
4100,2788,1312
4200,2856,1344
4300,2924,1376
4400,2992,1408
4500,3060,1440
4600,3128,1472
4700,3196,1504
4800,3264,1536
4900,3332,1568
5000,3400,1600
5100,3468,1632
5200,3536,1664
5300,3604,1696
5400,3672,1728
5500,3740,1760
5600,3808,1792
5700,3876,1824
5800,3944,1856
5900,4012,1888
6000,4080,1920
6100,4148,1952
6200,4216,1984
6300,4284,2016
6400,4352,2048
6500,4420,2080
6600,4488,2112
6700,4556,2144
6800,4624,2176
6900,4692,2208
7000,4760,2240
100,69,31
200,138,62
300,207,93
400,276,124
500,345,155
600,414,186
700,483,217
800,552,248
900,621,279
1000,690,310
1100,759,341
1200,828,372
1300,897,403
1400,966,434
1500,1035,465
1600,1104,496
1700,1173,527
1800,1242,558
1900,1311,589
2000,1380,620
2100,1449,651
2200,1518,682
2300,1587,713
2400,1656,744
2500,1725,775
2600,1794,806
2700,1863,837
2800,1932,868
2900,2001,899
3000,2070,930
3100,2139,961
3200,2208,992
3300,2277,1023
3400,2346,1054
3500,2415,1085
3600,2484,1116
3700,2553,1147
3800,2622,1178
3900,2691,1209
4000,2760,1240
4100,2829,1271
4200,2898,1302
4300,2967,1333
4400,3036,1364
4500,3105,1395
4600,3174,1426
4700,3243,1457
4800,3312,1488
4900,3381,1519
5000,3450,1550
5100,3519,1581
5200,3588,1612
5300,3657,1643
5400,3726,1674
5500,3795,1705
5600,3864,1736
5700,3933,1767
5800,4002,1798
5900,4071,1829
6000,4140,1860
6100,4209,1891
6200,4278,1922
6300,4347,1953
6400,4416,1984
6500,4485,2015
6600,4554,2046
6700,4623,2077
6800,4692,2108
6900,4761,2139
7000,4830,2170
100,70,30
200,140,60
300,210,90
400,280,120
500,350,150
600,420,180
700,490,210
800,560,240
900,630,270
1000,700,300
1100,770,330
1200,840,360
1300,910,390
1400,980,420
1500,1050,450
1600,1120,480
1700,1190,510
1800,1260,540
1900,1330,570
2000,1400,600
2100,1470,630
2200,1540,660
2300,1610,690
2400,1680,720
2500,1750,750
2600,1820,780
2700,1890,810
2800,1960,840
2900,2030,870
3000,2100,900
3100,2170,930
3200,2240,960
3300,2310,990
3400,2380,1020
3500,2450,1050
3600,2520,1080
3700,2590,1110
3800,2660,1140
3900,2730,1170
4000,2800,1200
4100,2870,1230
4200,2940,1260
4300,3010,1290
4400,3080,1320
4500,3150,1350
4600,3220,1380
4700,3290,1410
4800,3360,1440
4900,3430,1470
5000,3500,1500
5100,3570,1530
5200,3640,1560
5300,3710,1590
5400,3780,1620
5500,3850,1650
5600,3920,1680
5700,3990,1710
5800,4060,1740
5900,4130,1770
6000,4200,1800
6100,4270,1830
6200,4340,1860
6300,4410,1890
6400,4480,1920
6500,4550,1950
6600,4620,1980
6700,4690,2010
6800,4760,2040
6900,4830,2070
7000,4900,2100
100,71,29
200,142,58
300,213,87
400,284,116
500,355,145
600,426,174
700,497,203
800,568,232
900,639,261
1000,710,290
1100,781,319
1200,852,348
1300,923,377
1400,994,406
1500,1065,435
1600,1136,464
1700,1207,493
1800,1278,522
1900,1349,551
2000,1420,580
2100,1491,609
2200,1562,638
2300,1633,667
2400,1704,696
2500,1775,725
2600,1846,754
2700,1917,783
2800,1988,812
2900,2059,841
3000,2130,870
3100,2201,899
3200,2272,928
3300,2343,957
3400,2414,986
3500,2485,1015
3600,2556,1044
3700,2627,1073
3800,2698,1102
3900,2769,1131
4000,2840,1160
4100,2911,1189
4200,2982,1218
4300,3053,1247
4400,3124,1276
4500,3195,1305
4600,3266,1334
4700,3337,1363
4800,3408,1392
4900,3479,1421
5000,3550,1450
5100,3621,1479
5200,3692,1508
5300,3763,1537
5400,3834,1566
5500,3905,1595
5600,3976,1624
5700,4047,1653
5800,4118,1682
5900,4189,1711
6000,4260,1740
6100,4331,1769
6200,4402,1798
6300,4473,1827
6400,4544,1856
6500,4615,1885
6600,4686,1914
6700,4757,1943
6800,4828,1972
6900,4899,2001
7000,4970,2030
100,72,28
200,144,56
300,216,84
400,288,112
500,360,140
600,432,168
700,504,196
800,576,224
900,648,252
1000,720,280
1100,792,308
1200,864,336
1300,936,364
1400,1008,392
1500,1080,420
1600,1152,448
1700,1224,476
1800,1296,504
1900,1368,532
2000,1440,560
2100,1512,588
2200,1584,616
2300,1656,644
2400,1728,672
2500,1800,700
2600,1872,728
2700,1944,756
2800,2016,784
2900,2088,812
3000,2160,840
3100,2232,868
3200,2304,896
3300,2376,924
3400,2448,952
3500,2520,980
3600,2592,1008
3700,2664,1036
3800,2736,1064
3900,2808,1092
4000,2880,1120
4100,2952,1148
4200,3024,1176
4300,3096,1204
4400,3168,1232
4500,3240,1260
4600,3312,1288
4700,3384,1316
4800,3456,1344
4900,3528,1372
5000,3600,1400
5100,3672,1428
5200,3744,1456
5300,3816,1484
5400,3888,1512
5500,3960,1540
5600,4032,1568
5700,4104,1596
5800,4176,1624
5900,4248,1652
6000,4320,1680
6100,4392,1708
6200,4464,1736
6300,4536,1764
6400,4608,1792
6500,4680,1820
6600,4752,1848
6700,4824,1876
6800,4896,1904
6900,4968,1932
7000,5040,1960
100,73,27
200,146,54
300,219,81
400,292,108
500,365,135
600,438,162
700,511,189
800,584,216
900,657,243
1000,730,270
1100,803,297
1200,876,324
1300,949,351
1400,1022,378
1500,1095,405
1600,1168,432
1700,1241,459
1800,1314,486
1900,1387,513
2000,1460,540
2100,1533,567
2200,1606,594
2300,1679,621
2400,1752,648
2500,1825,675
2600,1898,702
2700,1971,729
2800,2044,756
2900,2117,783
3000,2190,810
3100,2263,837
3200,2336,864
3300,2409,891
3400,2482,918
3500,2555,945
3600,2628,972
3700,2701,999
3800,2774,1026
3900,2847,1053
4000,2920,1080
4100,2993,1107
4200,3066,1134
4300,3139,1161
4400,3212,1188
4500,3285,1215
4600,3358,1242
4700,3431,1269
4800,3504,1296
4900,3577,1323
5000,3650,1350
5100,3723,1377
5200,3796,1404
5300,3869,1431
5400,3942,1458
5500,4015,1485
5600,4088,1512
5700,4161,1539
5800,4234,1566
5900,4307,1593
6000,4380,1620
6100,4453,1647
6200,4526,1674
6300,4599,1701
6400,4672,1728
6500,4745,1755
6600,4818,1782
6700,4891,1809
6800,4964,1836
6900,5037,1863
7000,5110,1890
100,74,26
200,148,52
300,222,78
400,296,104
500,370,130
600,444,156
700,518,182
800,592,208
900,666,234
1000,740,260
1100,814,286
1200,888,312
1300,962,338
1400,1036,364
1500,1110,390
1600,1184,416
1700,1258,442
1800,1332,468
1900,1406,494
2000,1480,520
2100,1554,546
2200,1628,572
2300,1702,598
2400,1776,624
2500,1850,650
2600,1924,676
2700,1998,702
2800,2072,728
2900,2146,754
3000,2220,780
3100,2294,806
3200,2368,832
3300,2442,858
3400,2516,884
3500,2590,910
3600,2664,936
3700,2738,962
3800,2812,988
3900,2886,1014
4000,2960,1040
4100,3034,1066
4200,3108,1092
4300,3182,1118
4400,3256,1144
4500,3330,1170
4600,3404,1196
4700,3478,1222
4800,3552,1248
4900,3626,1274
5000,3700,1300
5100,3774,1326
5200,3848,1352
5300,3922,1378
5400,3996,1404
5500,4070,1430
5600,4144,1456
5700,4218,1482
5800,4292,1508
5900,4366,1534
6000,4440,1560
6100,4514,1586
6200,4588,1612
6300,4662,1638
6400,4736,1664
6500,4810,1690
6600,4884,1716
6700,4958,1742
6800,5032,1768
6900,5106,1794
7000,5180,1820
100,75,25
200,150,50
300,225,75
400,300,100
500,375,125
600,450,150
700,525,175
800,600,200
900,675,225
1000,750,250
1100,825,275
1200,900,300
1300,975,325
1400,1050,350
1500,1125,375
1600,1200,400
1700,1275,425
1800,1350,450
1900,1425,475
2000,1500,500
2100,1575,525
2200,1650,550
2300,1725,575
2400,1800,600
2500,1875,625
2600,1950,650
2700,2025,675
2800,2100,700
2900,2175,725
3000,2250,750
3100,2325,775
3200,2400,800
3300,2475,825
3400,2550,850
3500,2625,875
3600,2700,900
3700,2775,925
3800,2850,950
3900,2925,975
4000,3000,1000
4100,3075,1025
4200,3150,1050
4300,3225,1075
4400,3300,1100
4500,3375,1125
4600,3450,1150
4700,3525,1175
4800,3600,1200
4900,3675,1225
5000,3750,1250
5100,3825,1275
5200,3900,1300
5300,3975,1325
5400,4050,1350
5500,4125,1375
5600,4200,1400
5700,4275,1425
5800,4350,1450
5900,4425,1475
6000,4500,1500
6100,4575,1525
6200,4650,1550
6300,4725,1575
6400,4800,1600
6500,4875,1625
6600,4950,1650
6700,5025,1675
6800,5100,1700
6900,5175,1725
7000,5250,1750
100,76,24
200,152,48
300,228,72
400,304,96
500,380,120
600,456,144
700,532,168
800,608,192
900,684,216
1000,760,240
1100,836,264
1200,912,288
1300,988,312
1400,1064,336
1500,1140,360
1600,1216,384
1700,1292,408
1800,1368,432
1900,1444,456
2000,1520,480
2100,1596,504
2200,1672,528
2300,1748,552
2400,1824,576
2500,1900,600
2600,1976,624
2700,2052,648
2800,2128,672
2900,2204,696
3000,2280,720
3100,2356,744
3200,2432,768
3300,2508,792
3400,2584,816
3500,2660,840
3600,2736,864
3700,2812,888
3800,2888,912
3900,2964,936
4000,3040,960
4100,3116,984
4200,3192,1008
4300,3268,1032
4400,3344,1056
4500,3420,1080
4600,3496,1104
4700,3572,1128
4800,3648,1152
4900,3724,1176
5000,3800,1200
5100,3876,1224
5200,3952,1248
5300,4028,1272
5400,4104,1296
5500,4180,1320
5600,4256,1344
5700,4332,1368
5800,4408,1392
5900,4484,1416
6000,4560,1440
6100,4636,1464
6200,4712,1488
6300,4788,1512
6400,4864,1536
6500,4940,1560
6600,5016,1584
6700,5092,1608
6800,5168,1632
6900,5244,1656
7000,5320,1680
100,77,23
200,154,46
300,231,69
400,308,92
500,385,115
600,462,138
700,539,161
800,616,184
900,693,207
1000,770,230
1100,847,253
1200,924,276
1300,1001,299
1400,1078,322
1500,1155,345
1600,1232,368
1700,1309,391
1800,1386,414
1900,1463,437
2000,1540,460
2100,1617,483
2200,1694,506
2300,1771,529
2400,1848,552
2500,1925,575
2600,2002,598
2700,2079,621
2800,2156,644
2900,2233,667
3000,2310,690
3100,2387,713
3200,2464,736
3300,2541,759
3400,2618,782
3500,2695,805
3600,2772,828
3700,2849,851
3800,2926,874
3900,3003,897
4000,3080,920
4100,3157,943
4200,3234,966
4300,3311,989
4400,3388,1012
4500,3465,1035
4600,3542,1058
4700,3619,1081
4800,3696,1104
4900,3773,1127
5000,3850,1150
5100,3927,1173
5200,4004,1196
5300,4081,1219
5400,4158,1242
5500,4235,1265
5600,4312,1288
5700,4389,1311
5800,4466,1334
5900,4543,1357
6000,4620,1380
6100,4697,1403
6200,4774,1426
6300,4851,1449
6400,4928,1472
6500,5005,1495
6600,5082,1518
6700,5159,1541
6800,5236,1564
6900,5313,1587
7000,5390,1610
100,78,22
200,156,44
300,234,66
400,312,88
500,390,110
600,468,132
700,546,154
800,624,176
900,702,198
1000,780,220
1100,858,242
1200,936,264
1300,1014,286
1400,1092,308
1500,1170,330
1600,1248,352
1700,1326,374
1800,1404,396
1900,1482,418
2000,1560,440
2100,1638,462
2200,1716,484
2300,1794,506
2400,1872,528
2500,1950,550
2600,2028,572
2700,2106,594
2800,2184,616
2900,2262,638
3000,2340,660
3100,2418,682
3200,2496,704
3300,2574,726
3400,2652,748
3500,2730,770
3600,2808,792
3700,2886,814
3800,2964,836
3900,3042,858
4000,3120,880
4100,3198,902
4200,3276,924
4300,3354,946
4400,3432,968
4500,3510,990
4600,3588,1012
4700,3666,1034
4800,3744,1056
4900,3822,1078
5000,3900,1100
5100,3978,1122
5200,4056,1144
5300,4134,1166
5400,4212,1188
5500,4290,1210
5600,4368,1232
5700,4446,1254
5800,4524,1276
5900,4602,1298
6000,4680,1320
6100,4758,1342
6200,4836,1364
6300,4914,1386
6400,4992,1408
6500,5070,1430
6600,5148,1452
6700,5226,1474
6800,5304,1496
6900,5382,1518
7000,5460,1540
100,79,21
200,158,42
300,237,63
400,316,84
500,395,105
600,474,126
700,553,147
800,632,168
900,711,189
1000,790,210
1100,869,231
1200,948,252
1300,1027,273
1400,1106,294
1500,1185,315
1600,1264,336
1700,1343,357
1800,1422,378
1900,1501,399
2000,1580,420
2100,1659,441
2200,1738,462
2300,1817,483
2400,1896,504
2500,1975,525
2600,2054,546
2700,2133,567
2800,2212,588
2900,2291,609
3000,2370,630
3100,2449,651
3200,2528,672
3300,2607,693
3400,2686,714
3500,2765,735
3600,2844,756
3700,2923,777
3800,3002,798
3900,3081,819
4000,3160,840
4100,3239,861
4200,3318,882
4300,3397,903
4400,3476,924
4500,3555,945
4600,3634,966
4700,3713,987
4800,3792,1008
4900,3871,1029
5000,3950,1050
5100,4029,1071
5200,4108,1092
5300,4187,1113
5400,4266,1134
5500,4345,1155
5600,4424,1176
5700,4503,1197
5800,4582,1218
5900,4661,1239
6000,4740,1260
6100,4819,1281
6200,4898,1302
6300,4977,1323
6400,5056,1344
6500,5135,1365
6600,5214,1386
6700,5293,1407
6800,5372,1428
6900,5451,1449
7000,5530,1470
100,80,20
200,160,40
300,240,60
400,320,80
500,400,100
600,480,120
700,560,140
800,640,160
900,720,180
1000,800,200
1100,880,220
1200,960,240
1300,1040,260
1400,1120,280
1500,1200,300
1600,1280,320
1700,1360,340
1800,1440,360
1900,1520,380
2000,1600,400
2100,1680,420
2200,1760,440
2300,1840,460
2400,1920,480
2500,2000,500
2600,2080,520
2700,2160,540
2800,2240,560
2900,2320,580
3000,2400,600
3100,2480,620
3200,2560,640
3300,2640,660
3400,2720,680
3500,2800,700
3600,2880,720
3700,2960,740
3800,3040,760
3900,3120,780
4000,3200,800
4100,3280,820
4200,3360,840
4300,3440,860
4400,3520,880
4500,3600,900
4600,3680,920
4700,3760,940
4800,3840,960
4900,3920,980
5000,4000,1000
5100,4080,1020
5200,4160,1040
5300,4240,1060
5400,4320,1080
5500,4400,1100
5600,4480,1120
5700,4560,1140
5800,4640,1160
5900,4720,1180
6000,4800,1200
6100,4880,1220
6200,4960,1240
6300,5040,1260
6400,5120,1280
6500,5200,1300
6600,5280,1320
6700,5360,1340
6800,5440,1360
6900,5520,1380
7000,5600,1400
100,81,19
200,162,38
300,243,57
400,324,76
500,405,95
600,486,114
700,567,133
800,648,152
900,729,171
1000,810,190
1100,891,209
1200,972,228
1300,1053,247
1400,1134,266
1500,1215,285
1600,1296,304
1700,1377,323
1800,1458,342
1900,1539,361
2000,1620,380
2100,1701,399
2200,1782,418
2300,1863,437
2400,1944,456
2500,2025,475
2600,2106,494
2700,2187,513
2800,2268,532
2900,2349,551
3000,2430,570
3100,2511,589
3200,2592,608
3300,2673,627
3400,2754,646
3500,2835,665
3600,2916,684
3700,2997,703
3800,3078,722
3900,3159,741
4000,3240,760
4100,3321,779
4200,3402,798
4300,3483,817
4400,3564,836
4500,3645,855
4600,3726,874
4700,3807,893
4800,3888,912
4900,3969,931
5000,4050,950
5100,4131,969
5200,4212,988
5300,4293,1007
5400,4374,1026
5500,4455,1045
5600,4536,1064
5700,4617,1083
5800,4698,1102
5900,4779,1121
6000,4860,1140
6100,4941,1159
6200,5022,1178
6300,5103,1197
6400,5184,1216
6500,5265,1235
6600,5346,1254
6700,5427,1273
6800,5508,1292
6900,5589,1311
7000,5670,1330
100,82,18
200,164,36
300,246,54
400,328,72
500,410,90
600,492,108
700,574,126
800,656,144
900,738,162
1000,820,180
1100,902,198
1200,984,216
1300,1066,234
1400,1148,252
1500,1230,270
1600,1312,288
1700,1394,306
1800,1476,324
1900,1558,342
2000,1640,360
2100,1722,378
2200,1804,396
2300,1886,414
2400,1968,432
2500,2050,450
2600,2132,468
2700,2214,486
2800,2296,504
2900,2378,522
3000,2460,540
3100,2542,558
3200,2624,576
3300,2706,594
3400,2788,612
3500,2870,630
3600,2952,648
3700,3034,666
3800,3116,684
3900,3198,702
4000,3280,720
4100,3362,738
4200,3444,756
4300,3526,774
4400,3608,792
4500,3690,810
4600,3772,828
4700,3854,846
4800,3936,864
4900,4018,882
5000,4100,900
5100,4182,918
5200,4264,936
5300,4346,954
5400,4428,972
5500,4510,990
5600,4592,1008
5700,4674,1026
5800,4756,1044
5900,4838,1062
6000,4920,1080
6100,5002,1098
6200,5084,1116
6300,5166,1134
6400,5248,1152
6500,5330,1170
6600,5412,1188
6700,5494,1206
6800,5576,1224
6900,5658,1242
7000,5740,1260
100,83,17
200,166,34
300,249,51
400,332,68
500,415,85
600,498,102
700,581,119
800,664,136
900,747,153
1000,830,170
1100,913,187
1200,996,204
1300,1079,221
1400,1162,238
1500,1245,255
1600,1328,272
1700,1411,289
1800,1494,306
1900,1577,323
2000,1660,340
2100,1743,357
2200,1826,374
2300,1909,391
2400,1992,408
2500,2075,425
2600,2158,442
2700,2241,459
2800,2324,476
2900,2407,493
3000,2490,510
3100,2573,527
3200,2656,544
3300,2739,561
3400,2822,578
3500,2905,595
3600,2988,612
3700,3071,629
3800,3154,646
3900,3237,663
4000,3320,680
4100,3403,697
4200,3486,714
4300,3569,731
4400,3652,748
4500,3735,765
4600,3818,782
4700,3901,799
4800,3984,816
4900,4067,833
5000,4150,850
5100,4233,867
5200,4316,884
5300,4399,901
5400,4482,918
5500,4565,935
5600,4648,952
5700,4731,969
5800,4814,986
5900,4897,1003
6000,4980,1020
6100,5063,1037
6200,5146,1054
6300,5229,1071
6400,5312,1088
6500,5395,1105
6600,5478,1122
6700,5561,1139
6800,5644,1156
6900,5727,1173
7000,5810,1190
100,84,16
200,168,32
300,252,48
400,336,64
500,420,80
600,504,96
700,588,112
800,672,128
900,756,144
1000,840,160
1100,924,176
1200,1008,192
1300,1092,208
1400,1176,224
1500,1260,240
1600,1344,256
1700,1428,272
1800,1512,288
1900,1596,304
2000,1680,320
2100,1764,336
2200,1848,352
2300,1932,368
2400,2016,384
2500,2100,400
2600,2184,416
2700,2268,432
2800,2352,448
2900,2436,464
3000,2520,480
3100,2604,496
3200,2688,512
3300,2772,528
3400,2856,544
3500,2940,560
3600,3024,576
3700,3108,592
3800,3192,608
3900,3276,624
4000,3360,640
4100,3444,656
4200,3528,672
4300,3612,688
4400,3696,704
4500,3780,720
4600,3864,736
4700,3948,752
4800,4032,768
4900,4116,784
5000,4200,800
5100,4284,816
5200,4368,832
5300,4452,848
5400,4536,864
5500,4620,880
5600,4704,896
5700,4788,912
5800,4872,928
5900,4956,944
6000,5040,960
6100,5124,976
6200,5208,992
6300,5292,1008
6400,5376,1024
6500,5460,1040
6600,5544,1056
6700,5628,1072
6800,5712,1088
6900,5796,1104
7000,5880,1120
100,85,15
200,170,30
300,255,45
400,340,60
500,425,75
600,510,90
700,595,105
800,680,120
900,765,135
1000,850,150
1100,935,165
1200,1020,180
1300,1105,195
1400,1190,210
1500,1275,225
1600,1360,240
1700,1445,255
1800,1530,270
1900,1615,285
2000,1700,300
2100,1785,315
2200,1870,330
2300,1955,345
2400,2040,360
2500,2125,375
2600,2210,390
2700,2295,405
2800,2380,420
2900,2465,435
3000,2550,450
3100,2635,465
3200,2720,480
3300,2805,495
3400,2890,510
3500,2975,525
3600,3060,540
3700,3145,555
3800,3230,570
3900,3315,585
4000,3400,600
4100,3485,615
4200,3570,630
4300,3655,645
4400,3740,660
4500,3825,675
4600,3910,690
4700,3995,705
4800,4080,720
4900,4165,735
5000,4250,750
5100,4335,765
5200,4420,780
5300,4505,795
5400,4590,810
5500,4675,825
5600,4760,840
5700,4845,855
5800,4930,870
5900,5015,885
6000,5100,900
6100,5185,915
6200,5270,930
6300,5355,945
6400,5440,960
6500,5525,975
6600,5610,990
6700,5695,1005
6800,5780,1020
6900,5865,1035
7000,5950,1050
100,86,14
200,172,28
300,258,42
400,344,56
500,430,70
600,516,84
700,602,98
800,688,112
900,774,126
1000,860,140
1100,946,154
1200,1032,168
1300,1118,182
1400,1204,196
1500,1290,210
1600,1376,224
1700,1462,238
1800,1548,252
1900,1634,266
2000,1720,280
2100,1806,294
2200,1892,308
2300,1978,322
2400,2064,336
2500,2150,350
2600,2236,364
2700,2322,378
2800,2408,392
2900,2494,406
3000,2580,420
3100,2666,434
3200,2752,448
3300,2838,462
3400,2924,476
3500,3010,490
3600,3096,504
3700,3182,518
3800,3268,532
3900,3354,546
4000,3440,560
4100,3526,574
4200,3612,588
4300,3698,602
4400,3784,616
4500,3870,630
4600,3956,644
4700,4042,658
4800,4128,672
4900,4214,686
5000,4300,700
5100,4386,714
5200,4472,728
5300,4558,742
5400,4644,756
5500,4730,770
5600,4816,784
5700,4902,798
5800,4988,812
5900,5074,826
6000,5160,840
6100,5246,854
6200,5332,868
6300,5418,882
6400,5504,896
6500,5590,910
6600,5676,924
6700,5762,938
6800,5848,952
6900,5934,966
7000,6020,980
100,87,13
200,174,26
300,261,39
400,348,52
500,435,65
600,522,78
700,609,91
800,696,104
900,783,117
1000,870,130
1100,957,143
1200,1044,156
1300,1131,169
1400,1218,182
1500,1305,195
1600,1392,208
1700,1479,221
1800,1566,234
1900,1653,247
2000,1740,260
2100,1827,273
2200,1914,286
2300,2001,299
2400,2088,312
2500,2175,325
2600,2262,338
2700,2349,351
2800,2436,364
2900,2523,377
3000,2610,390
3100,2697,403
3200,2784,416
3300,2871,429
3400,2958,442
3500,3045,455
3600,3132,468
3700,3219,481
3800,3306,494
3900,3393,507
4000,3480,520
4100,3567,533
4200,3654,546
4300,3741,559
4400,3828,572
4500,3915,585
4600,4002,598
4700,4089,611
4800,4176,624
4900,4263,637
5000,4350,650
5100,4437,663
5200,4524,676
5300,4611,689
5400,4698,702
5500,4785,715
5600,4872,728
5700,4959,741
5800,5046,754
5900,5133,767
6000,5220,780
6100,5307,793
6200,5394,806
6300,5481,819
6400,5568,832
6500,5655,845
6600,5742,858
6700,5829,871
6800,5916,884
6900,6003,897
7000,6090,910
100,88,12
200,176,24
300,264,36
400,352,48
500,440,60
600,528,72
700,616,84
800,704,96
900,792,108
1000,880,120
1100,968,132
1200,1056,144
1300,1144,156
1400,1232,168
1500,1320,180
1600,1408,192
1700,1496,204
1800,1584,216
1900,1672,228
2000,1760,240
2100,1848,252
2200,1936,264
2300,2024,276
2400,2112,288
2500,2200,300
2600,2288,312
2700,2376,324
2800,2464,336
2900,2552,348
3000,2640,360
3100,2728,372
3200,2816,384
3300,2904,396
3400,2992,408
3500,3080,420
3600,3168,432
3700,3256,444
3800,3344,456
3900,3432,468
4000,3520,480
4100,3608,492
4200,3696,504
4300,3784,516
4400,3872,528
4500,3960,540
4600,4048,552
4700,4136,564
4800,4224,576
4900,4312,588
5000,4400,600
5100,4488,612
5200,4576,624
5300,4664,636
5400,4752,648
5500,4840,660
5600,4928,672
5700,5016,684
5800,5104,696
5900,5192,708
6000,5280,720
6100,5368,732
6200,5456,744
6300,5544,756
6400,5632,768
6500,5720,780
6600,5808,792
6700,5896,804
6800,5984,816
6900,6072,828
7000,6160,840
100,89,11
200,178,22
300,267,33
400,356,44
500,445,55
600,534,66
700,623,77
800,712,88
900,801,99
1000,890,110
1100,979,121
1200,1068,132
1300,1157,143
1400,1246,154
1500,1335,165
1600,1424,176
1700,1513,187
1800,1602,198
1900,1691,209
2000,1780,220
2100,1869,231
2200,1958,242
2300,2047,253
2400,2136,264
2500,2225,275
2600,2314,286
2700,2403,297
2800,2492,308
2900,2581,319
3000,2670,330
3100,2759,341
3200,2848,352
3300,2937,363
3400,3026,374
3500,3115,385
3600,3204,396
3700,3293,407
3800,3382,418
3900,3471,429
4000,3560,440
4100,3649,451
4200,3738,462
4300,3827,473
4400,3916,484
4500,4005,495
4600,4094,506
4700,4183,517
4800,4272,528
4900,4361,539
5000,4450,550
5100,4539,561
5200,4628,572
5300,4717,583
5400,4806,594
5500,4895,605
5600,4984,616
5700,5073,627
5800,5162,638
5900,5251,649
6000,5340,660
6100,5429,671
6200,5518,682
6300,5607,693
6400,5696,704
6500,5785,715
6600,5874,726
6700,5963,737
6800,6052,748
6900,6141,759
7000,6230,770
100,90,10
200,180,20
300,270,30
400,360,40
500,450,50
600,540,60
700,630,70
800,720,80
900,810,90
1000,900,100
1100,990,110
1200,1080,120
1300,1170,130
1400,1260,140
1500,1350,150
1600,1440,160
1700,1530,170
1800,1620,180
1900,1710,190
2000,1800,200
2100,1890,210
2200,1980,220
2300,2070,230
2400,2160,240
2500,2250,250
2600,2340,260
2700,2430,270
2800,2520,280
2900,2610,290
3000,2700,300
3100,2790,310
3200,2880,320
3300,2970,330
3400,3060,340
3500,3150,350
3600,3240,360
3700,3330,370
3800,3420,380
3900,3510,390
4000,3600,400
4100,3690,410
4200,3780,420
4300,3870,430
4400,3960,440
4500,4050,450
4600,4140,460
4700,4230,470
4800,4320,480
4900,4410,490
5000,4500,500
5100,4590,510
5200,4680,520
5300,4770,530
5400,4860,540
5500,4950,550
5600,5040,560
5700,5130,570
5800,5220,580
5900,5310,590
6000,5400,600
6100,5490,610
6200,5580,620
6300,5670,630
6400,5760,640
6500,5850,650
6600,5940,660
6700,6030,670
6800,6120,680
6900,6210,690
7000,6300,700
100,91,9
200,182,18
300,273,27
400,364,36
500,455,45
600,546,54
700,637,63
800,728,72
900,819,81
1000,910,90
1100,1001,99
1200,1092,108
1300,1183,117
1400,1274,126
1500,1365,135
1600,1456,144
1700,1547,153
1800,1638,162
1900,1729,171
2000,1820,180
2100,1911,189
2200,2002,198
2300,2093,207
2400,2184,216
2500,2275,225
2600,2366,234
2700,2457,243
2800,2548,252
2900,2639,261
3000,2730,270
3100,2821,279
3200,2912,288
3300,3003,297
3400,3094,306
3500,3185,315
3600,3276,324
3700,3367,333
3800,3458,342
3900,3549,351
4000,3640,360
4100,3731,369
4200,3822,378
4300,3913,387
4400,4004,396
4500,4095,405
4600,4186,414
4700,4277,423
4800,4368,432
4900,4459,441
5000,4550,450
5100,4641,459
5200,4732,468
5300,4823,477
5400,4914,486
5500,5005,495
5600,5096,504
5700,5187,513
5800,5278,522
5900,5369,531
6000,5460,540
6100,5551,549
6200,5642,558
6300,5733,567
6400,5824,576
6500,5915,585
6600,6006,594
6700,6097,603
6800,6188,612
6900,6279,621
7000,6370,630
100,92,8
200,184,16
300,276,24
400,368,32
500,460,40
600,552,48
700,644,56
800,736,64
900,828,72
1000,920,80
1100,1012,88
1200,1104,96
1300,1196,104
1400,1288,112
1500,1380,120
1600,1472,128
1700,1564,136
1800,1656,144
1900,1748,152
2000,1840,160
2100,1932,168
2200,2024,176
2300,2116,184
2400,2208,192
2500,2300,200
2600,2392,208
2700,2484,216
2800,2576,224
2900,2668,232
3000,2760,240
3100,2852,248
3200,2944,256
3300,3036,264
3400,3128,272
3500,3220,280
3600,3312,288
3700,3404,296
3800,3496,304
3900,3588,312
4000,3680,320
4100,3772,328
4200,3864,336
4300,3956,344
4400,4048,352
4500,4140,360
4600,4232,368
4700,4324,376
4800,4416,384
4900,4508,392
5000,4600,400
5100,4692,408
5200,4784,416
5300,4876,424
5400,4968,432
5500,5060,440
5600,5152,448
5700,5244,456
5800,5336,464
5900,5428,472
6000,5520,480
6100,5612,488
6200,5704,496
6300,5796,504
6400,5888,512
6500,5980,520
6600,6072,528
6700,6164,536
6800,6256,544
6900,6348,552
7000,6440,560
100,93,6.99999999999999
200,186,14
300,279,21
400,372,28
500,465,35
600,558,42
700,651,49
800,744,56
900,837,63
1000,930,70
1100,1023,76.9999999999999
1200,1116,83.9999999999999
1300,1209,90.9999999999999
1400,1302,97.9999999999999
1500,1395,105
1600,1488,112
1700,1581,119
1800,1674,126
1900,1767,133
2000,1860,140
2100,1953,147
2200,2046,154
2300,2139,161
2400,2232,168
2500,2325,175
2600,2418,182
2700,2511,189
2800,2604,196
2900,2697,203
3000,2790,210
3100,2883,217
3200,2976,224
3300,3069,231
3400,3162,238
3500,3255,245
3600,3348,252
3700,3441,259
3800,3534,266
3900,3627,273
4000,3720,280
4100,3813,287
4200,3906,294
4300,3999,301
4400,4092,308
4500,4185,315
4600,4278,322
4700,4371,329
4800,4464,336
4900,4557,343
5000,4650,350
5100,4743,357
5200,4836,364
5300,4929,371
5400,5022,378
5500,5115,385
5600,5208,392
5700,5301,399
5800,5394,406
5900,5487,413
6000,5580,420
6100,5673,427
6200,5766,434
6300,5859,441
6400,5952,448
6500,6045,455
6600,6138,462
6700,6231,469
6800,6324,476
6900,6417,483
7000,6510,490
100,94,5.99999999999999
200,188,12
300,282,18
400,376,24
500,470,30
600,564,36
700,658,42
800,752,48
900,846,54
1000,940,59.9999999999999
1100,1034,65.9999999999999
1200,1128,71.9999999999999
1300,1222,77.9999999999999
1400,1316,83.9999999999999
1500,1410,89.9999999999999
1600,1504,95.9999999999999
1700,1598,102
1800,1692,108
1900,1786,114
2000,1880,120
2100,1974,126
2200,2068,132
2300,2162,138
2400,2256,144
2500,2350,150
2600,2444,156
2700,2538,162
2800,2632,168
2900,2726,174
3000,2820,180
3100,2914,186
3200,3008,192
3300,3102,198
3400,3196,204
3500,3290,210
3600,3384,216
3700,3478,222
3800,3572,228
3900,3666,234
4000,3760,240
4100,3854,246
4200,3948,252
4300,4042,258
4400,4136,264
4500,4230,270
4600,4324,276
4700,4418,282
4800,4512,288
4900,4606,294
5000,4700,300
5100,4794,306
5200,4888,312
5300,4982,318
5400,5076,324
5500,5170,330
5600,5264,336
5700,5358,342
5800,5452,348
5900,5546,354
6000,5640,360
6100,5734,366
6200,5828,372
6300,5922,378
6400,6016,384
6500,6110,390
6600,6204,396
6700,6298,402
6800,6392,408
6900,6486,414
7000,6580,420
100,95,4.99999999999999
200,190,9.99999999999999
300,285,15
400,380,20
500,475,25
600,570,30
700,665,35
800,760,39.9999999999999
900,855,44.9999999999999
1000,950,49.9999999999999
1100,1045,54.9999999999999
1200,1140,59.9999999999999
1300,1235,64.9999999999999
1400,1330,69.9999999999999
1500,1425,74.9999999999999
1600,1520,79.9999999999999
1700,1615,84.9999999999999
1800,1710,89.9999999999999
1900,1805,94.9999999999999
2000,1900,99.9999999999999
2100,1995,105
2200,2090,110
2300,2185,115
2400,2280,120
2500,2375,125
2600,2470,130
2700,2565,135
2800,2660,140
2900,2755,145
3000,2850,150
3100,2945,155
3200,3040,160
3300,3135,165
3400,3230,170
3500,3325,175
3600,3420,180
3700,3515,185
3800,3610,190
3900,3705,195
4000,3800,200
4100,3895,205
4200,3990,210
4300,4085,215
4400,4180,220
4500,4275,225
4600,4370,230
4700,4465,235
4800,4560,240
4900,4655,245
5000,4750,250
5100,4845,255
5200,4940,260
5300,5035,265
5400,5130,270
5500,5225,275
5600,5320,280
5700,5415,285
5800,5510,290
5900,5605,295
6000,5700,300
6100,5795,305
6200,5890,310
6300,5985,315
6400,6080,320
6500,6175,325
6600,6270,330
6700,6365,335
6800,6460,340
6900,6555,345
7000,6650,350
100,96,4
200,192,8.00000000000001
300,288,12
400,384,16
500,480,20
600,576,24
700,672,28
800,768,32
900,864,36
1000,960,40
1100,1056,44
1200,1152,48
1300,1248,52
1400,1344,56
1500,1440,60.0000000000001
1600,1536,64.0000000000001
1700,1632,68.0000000000001
1800,1728,72.0000000000001
1900,1824,76.0000000000001
2000,1920,80.0000000000001
2100,2016,84.0000000000001
2200,2112,88.0000000000001
2300,2208,92.0000000000001
2400,2304,96.0000000000001
2500,2400,100
2600,2496,104
2700,2592,108
2800,2688,112
2900,2784,116
3000,2880,120
3100,2976,124
3200,3072,128
3300,3168,132
3400,3264,136
3500,3360,140
3600,3456,144
3700,3552,148
3800,3648,152
3900,3744,156
4000,3840,160
4100,3936,164
4200,4032,168
4300,4128,172
4400,4224,176
4500,4320,180
4600,4416,184
4700,4512,188
4800,4608,192
4900,4704,196
5000,4800,200
5100,4896,204
5200,4992,208
5300,5088,212
5400,5184,216
5500,5280,220
5600,5376,224
5700,5472,228
5800,5568,232
5900,5664,236
6000,5760,240
6100,5856,244
6200,5952,248
6300,6048,252
6400,6144,256
6500,6240,260
6600,6336,264
6700,6432,268
6800,6528,272
6900,6624,276
7000,6720,280
100,97,3
200,194,6.00000000000001
300,291,9.00000000000001
400,388,12
500,485,15
600,582,18
700,679,21
800,776,24
900,873,27
1000,970,30
1100,1067,33
1200,1164,36
1300,1261,39
1400,1358,42
1500,1455,45
1600,1552,48
1700,1649,51
1800,1746,54
1900,1843,57
2000,1940,60.0000000000001
2100,2037,63.0000000000001
2200,2134,66.0000000000001
2300,2231,69.0000000000001
2400,2328,72.0000000000001
2500,2425,75.0000000000001
2600,2522,78.0000000000001
2700,2619,81.0000000000001
2800,2716,84.0000000000001
2900,2813,87.0000000000001
3000,2910,90.0000000000001
3100,3007,93.0000000000001
3200,3104,96.0000000000001
3300,3201,99.0000000000001
3400,3298,102
3500,3395,105
3600,3492,108
3700,3589,111
3800,3686,114
3900,3783,117
4000,3880,120
4100,3977,123
4200,4074,126
4300,4171,129
4400,4268,132
4500,4365,135
4600,4462,138
4700,4559,141
4800,4656,144
4900,4753,147
5000,4850,150
5100,4947,153
5200,5044,156
5300,5141,159
5400,5238,162
5500,5335,165
5600,5432,168
5700,5529,171
5800,5626,174
5900,5723,177
6000,5820,180
6100,5917,183
6200,6014,186
6300,6111,189
6400,6208,192
6500,6305,195
6600,6402,198
6700,6499,201
6800,6596,204
6900,6693,207
7000,6790,210
100,98,2
200,196,4
300,294,6.00000000000001
400,392,8.00000000000001
500,490,10
600,588,12
700,686,14
800,784,16
900,882,18
1000,980,20
1100,1078,22
1200,1176,24
1300,1274,26
1400,1372,28
1500,1470,30
1600,1568,32
1700,1666,34
1800,1764,36
1900,1862,38
2000,1960,40
2100,2058,42
2200,2156,44
2300,2254,46
2400,2352,48
2500,2450,50
2600,2548,52
2700,2646,54
2800,2744,56
2900,2842,58
3000,2940,60.0000000000001
3100,3038,62.0000000000001
3200,3136,64.0000000000001
3300,3234,66.0000000000001
3400,3332,68.0000000000001
3500,3430,70.0000000000001
3600,3528,72.0000000000001
3700,3626,74.0000000000001
3800,3724,76.0000000000001
3900,3822,78.0000000000001
4000,3920,80.0000000000001
4100,4018,82.0000000000001
4200,4116,84.0000000000001
4300,4214,86.0000000000001
4400,4312,88.0000000000001
4500,4410,90.0000000000001
4600,4508,92.0000000000001
4700,4606,94.0000000000001
4800,4704,96.0000000000001
4900,4802,98.0000000000001
5000,4900,100
5100,4998,102
5200,5096,104
5300,5194,106
5400,5292,108
5500,5390,110
5600,5488,112
5700,5586,114
5800,5684,116
5900,5782,118
6000,5880,120
6100,5978,122
6200,6076,124
6300,6174,126
6400,6272,128
6500,6370,130
6600,6468,132
6700,6566,134
6800,6664,136
6900,6762,138
7000,6860,140
100,99,1
200,198,2
300,297,3
400,396,4
500,495,5
600,594,6.00000000000001
700,693,7.00000000000001
800,792,8.00000000000001
900,891,9.00000000000001
1000,990,10
1100,1089,11
1200,1188,12
1300,1287,13
1400,1386,14
1500,1485,15
1600,1584,16
1700,1683,17
1800,1782,18
1900,1881,19
2000,1980,20
2100,2079,21
2200,2178,22
2300,2277,23
2400,2376,24
2500,2475,25
2600,2574,26
2700,2673,27
2800,2772,28
2900,2871,29
3000,2970,30
3100,3069,31
3200,3168,32
3300,3267,33
3400,3366,34
3500,3465,35
3600,3564,36
3700,3663,37
3800,3762,38
3900,3861,39
4000,3960,40
4100,4059,41
4200,4158,42
4300,4257,43
4400,4356,44
4500,4455,45
4600,4554,46
4700,4653,47
4800,4752,48
4900,4851,49
5000,4950,50
5100,5049,51
5200,5148,52
5300,5247,53
5400,5346,54
5500,5445,55
5600,5544,56
5700,5643,57
5800,5742,58
5900,5841,59
6000,5940,60.0000000000001
6100,6039,61.0000000000001
6200,6138,62.0000000000001
6300,6237,63.0000000000001
6400,6336,64.0000000000001
6500,6435,65.0000000000001
6600,6534,66.0000000000001
6700,6633,67.0000000000001
6800,6732,68.0000000000001
6900,6831,69.0000000000001
7000,6930,70.0000000000001
100,100,0
200,200,0
300,300,0
400,400,0
500,500,0
600,600,0
700,700,0
800,800,0
900,900,0
1000,1000,0
1100,1100,0
1200,1200,0
1300,1300,0
1400,1400,0
1500,1500,0
1600,1600,0
1700,1700,0
1800,1800,0
1900,1900,0
2000,2000,0
2100,2100,0
2200,2200,0
2300,2300,0
2400,2400,0
2500,2500,0
2600,2600,0
2700,2700,0
2800,2800,0
2900,2900,0
3000,3000,0
3100,3100,0
3200,3200,0
3300,3300,0
3400,3400,0
3500,3500,0
3600,3600,0
3700,3700,0
3800,3800,0
3900,3900,0
4000,4000,0
4100,4100,0
4200,4200,0
4300,4300,0
4400,4400,0
4500,4500,0
4600,4600,0
4700,4700,0
4800,4800,0
4900,4900,0
5000,5000,0
5100,5100,0
5200,5200,0
5300,5300,0
5400,5400,0
5500,5500,0
5600,5600,0
5700,5700,0
5800,5800,0
5900,5900,0
6000,6000,0
6100,6100,0
6200,6200,0
6300,6300,0
6400,6400,0
6500,6500,0
6600,6600,0
6700,6700,0
6800,6800,0
6900,6900,0
7000,7000,0
